--Uncomment the following line if the script is run on SQL prompt/worksheet

--Set define off;

Drop table JCART_LOGIN Cascade Constraints;
Drop table JCART_REGISTRATION Cascade Constraints;
Drop table JCART_USERPOINTS Cascade Constraints;
Drop table JCART_MESSAGES Cascade Constraints;
Drop table JCART_LOGDETAIL Cascade Constraints;
Drop table JCART_CATEGORY Cascade Constraints;
Drop table JCART_SUBCATEGORY Cascade Constraints;
Drop table JCART_PRODUCT Cascade Constraints;
Drop table JCART_PRODUCTVARIATIONS Cascade Constraints;
Drop table JCART_PRODUCTOFFER Cascade Constraints;
Drop table JCART_NEWPRODUCTS Cascade Constraints;
Drop table JCART_PRODUCTBID Cascade Constraints;
Drop table JCART_CLOTHING Cascade Constraints;
Drop table JCART_TELEVISION Cascade Constraints;
Drop table JCART_MOBILE Cascade Constraints;
Drop table JCART_CAMERA Cascade Constraints;
Drop table JCART_BOOKS Cascade Constraints;
Drop table JCART_FOOTWEAR Cascade Constraints;
Drop table JCART_BAGS Cascade Constraints;
Drop table JCART_COMPUTERS Cascade Constraints;
Drop table JCART_PRODUCTRATING Cascade Constraints;
Drop table JCART_RETAILERRATING Cascade Constraints;
Drop table JCART_ISSUEDETAILS Cascade Constraints;
Drop table JCART_USERWISHLIST Cascade Constraints;
Drop table JCART_BROWSINGHISTORY Cascade Constraints;
Drop table JCART_USERPRODUCTREQUEST Cascade Constraints;
Drop table JCART_ORDERLOGTABLE Cascade Constraints;
Drop table JCART_PAYMENT Cascade Constraints;
Drop table JCART_EMI Cascade Constraints;
Drop table JCART_PAYMENTDETAILS Cascade Constraints;
Drop table JCART_OVERALLFEEDBACK Cascade Constraints;
DROP SEQUENCE db_categoryID;
DROP SEQUENCE db_emiID;
DROP SEQUENCE db_statusID;
DROP SEQUENCE db_logID;
DROP SEQUENCE db_messageID;
DROP SEQUENCE db_orderID;
DROP SEQUENCE db_paymentID;
DROP SEQUENCE db_productID;
DROP SEQUENCE db_offerCode;
DROP SEQUENCE db_productRatingID;
DROP SEQUENCE hibernate_sequence;
DROP SEQUENCE db_registrationID;
DROP SEQUENCE db_retailerRatingID;
DROP SEQUENCE db_subCategoryID;
DROP SEQUENCE db_requestID;

CREATE SEQUENCE db_categoryID START WITH 109 INCREMENT BY 1;
CREATE SEQUENCE db_emiID START WITH 70000 INCREMENT BY 1;
CREATE SEQUENCE hibernate_sequence;
CREATE SEQUENCE db_statusID START WITH 60000 INCREMENT BY 1;
CREATE SEQUENCE db_logID START WITH 4007 INCREMENT BY 1;
CREATE SEQUENCE db_messageID START WITH 50000 INCREMENT BY 1;
CREATE SEQUENCE db_orderID START WITH 8012 INCREMENT BY 1;
CREATE SEQUENCE db_paymentID START WITH 5012 INCREMENT BY 1;
CREATE SEQUENCE db_productID START WITH 10081 INCREMENT BY 1;
CREATE SEQUENCE db_offerCode START WITH 5007 INCREMENT BY 1;
CREATE SEQUENCE db_productRatingID START WITH 6006 INCREMENT BY 1;
CREATE SEQUENCE db_registrationID START WITH 1017 INCREMENT BY 1;
CREATE SEQUENCE db_retailerRatingID START WITH 7006 INCREMENT BY 1;
CREATE SEQUENCE db_subCategoryID START WITH 246 INCREMENT BY 1;
CREATE SEQUENCE db_requestID START WITH 1008 INCREMENT BY 1;
















CREATE TABLE JCART_CATEGORY ( 
	CATEGORYID           NUMBER( 10 ) NOT NULL,
	CATEGORYNAME         VARCHAR2( 50 ) NOT NULL,
	CONSTRAINT JCart_C005147 PRIMARY KEY ( CATEGORYID ) 
 );

CREATE TABLE JCART_LOGIN ( 
	USERID               VARCHAR2( 200 ) NOT NULL,
	PASSWORD             VARCHAR2( 20 ) NOT NULL,
	ROLE                 CHAR( 1 ),
	STATUS               CHAR( 1 ),
	CONSTRAINT JCart_C005121 PRIMARY KEY ( USERID ) 
 );

ALTER TABLE JCART_LOGIN ADD CONSTRAINT JCART_LOGIN_CHK1 CHECK ( STATUS IN ('L', 'A', 'B', 'N', 'D', 'R') );

ALTER TABLE JCART_LOGIN ADD CONSTRAINT JCart_C005119 CHECK ( ROLE IN ('A','U','R') );

CREATE TABLE JCART_MESSAGES ( 
	MESSAGEID            NUMBER( 10 ) NOT NULL,
	SENDERID             VARCHAR2( 200 ) NOT NULL,
	RECIEVERID           VARCHAR2( 200 ) NOT NULL,
	MESSAGE              VARCHAR2( 200 ) NOT NULL,
	MESSAGEDATE          TIMESTAMP NOT NULL,
	CONSTRAINT JCart_C005139 PRIMARY KEY ( MESSAGEID ) 
 );

CREATE TABLE JCART_OVERALLFEEDBACK ( 
	FEEDBACKID           NUMBER NOT NULL,
	FEEDBACKCOMMENT      VARCHAR2( 200 ),
	RATING               NUMBER,
	USERID               VARCHAR2( 100 ),
	CONSTRAINT JCart_C006982 PRIMARY KEY ( FEEDBACKID ) 
 );

CREATE TABLE JCART_PAYMENT ( 
	PAYMENTID            NUMBER( 10 ) NOT NULL,
	BUYERID              VARCHAR2( 200 ) NOT NULL,
	NETBILL              NUMBER( 10 ) NOT NULL,
	PAYMENTTYPE          CHAR( 1 ),
	PURCHASEDATE         DATE NOT NULL,
	CONSTRAINT JCart_C005299 PRIMARY KEY ( PAYMENTID ) 
 );

ALTER TABLE JCART_PAYMENT ADD CONSTRAINT JCart_C005298 CHECK ( PAYMENTTYPE IN ('C','D','E') );

CREATE TABLE JCART_PRODUCTBID ( 
	PRODUCTID            NUMBER( 10 ) NOT NULL,
	BASEPRICE            NUMBER( 10 ) NOT NULL,
	INCREMENTVALUE       NUMBER( 10 ) NOT NULL,
	BIDSTATUS            CHAR( 1 ),
	BIDSTARTDATE         DATE NOT NULL,
	DURATION             NUMBER( 10 ) NOT NULL,
	NUMBEROFBIDS         NUMBER( 10 ),
	LASTBIDDERID         VARCHAR2( 200 ),
	LASTBUTONEBIDDERID   VARCHAR2( 200 ),
	LASTBUTONEBASEPRICE  NUMBER( 10 ),
	CONSTRAINT JCart_C005180 PRIMARY KEY ( PRODUCTID ) 
 );

ALTER TABLE JCART_PRODUCTBID ADD CONSTRAINT JCart_C005179 CHECK ( BIDSTATUS IN('O','C') );

CREATE TABLE JCART_PRODUCTOFFER ( 
	OFFERCODE            NUMBER( 10 ) NOT NULL,
	OFFERDETAILS         VARCHAR2( 200 ) NOT NULL,
	OFFERDISCOUNT        NUMBER( 10 ) NOT NULL,
	STARTDATE            DATE NOT NULL,
	ENDDATE              DATE NOT NULL,
	CONSTRAINT JCart_C005170 PRIMARY KEY ( OFFERCODE ) 
 );

CREATE TABLE JCART_REGISTRATION ( 
	REGISTRATIONID       NUMBER( 20 ) NOT NULL,
	USERID               VARCHAR2( 200 ),
	FIRSTNAME            VARCHAR2( 100 ) NOT NULL,
	LASTNAME             VARCHAR2( 100 ) NOT NULL,
	PERMANENTADDRESS     VARCHAR2( 200 ) NOT NULL,
	SHIPMENTADDRESS      VARCHAR2( 200 ),
	PHONENUMBER          NUMBER( 10 ) NOT NULL,
	SECURITYQUESTION     VARCHAR2( 100 ) NOT NULL,
	SECURITYANSWER       VARCHAR2( 20 ) NOT NULL,
	DOB                  DATE NOT NULL,
	MESSAGESERVICE       CHAR( 1 ),
	GENDER               CHAR( 1 ),
	CONSTRAINT JCart_C005131 PRIMARY KEY ( REGISTRATIONID ) 
 );

ALTER TABLE JCART_REGISTRATION ADD CONSTRAINT JCart_C005130 CHECK ( GENDER IN ('M','F') );

ALTER TABLE JCART_REGISTRATION ADD CONSTRAINT JCart_C005129 CHECK ( MESSAGESERVICE IN ('Y','N') );

CREATE TABLE JCART_RETAILERRATING ( 
	RATINGID             NUMBER( 10 ) NOT NULL,
	RETAILERID           VARCHAR2( 200 ) NOT NULL,
	USERID               VARCHAR2( 200 ) NOT NULL,
	REVIEWCOMMENTS       VARCHAR2( 250 ) NOT NULL,
	RATING               NUMBER( 1 ),
	DOS                  DATE,
	STATUS               CHAR( 1 ),
	CONSTRAINT JCart_C005273 PRIMARY KEY ( RATINGID ) 
 );

ALTER TABLE JCART_RETAILERRATING ADD CONSTRAINT JCart_C005272 CHECK ( STATUS IN ('A','P') );

ALTER TABLE JCART_RETAILERRATING ADD CONSTRAINT JCart_C005271 CHECK ( RATING<=5 );

CREATE TABLE JCART_SUBCATEGORY ( 
	SUBCATEGORYID        NUMBER( 10 ) NOT NULL,
	SUBCATEGORYNAME      VARCHAR2( 50 ) NOT NULL,
	CATEGORYID           NUMBER( 10 ) NOT NULL,
	CONSTRAINT JCart_C005150 PRIMARY KEY ( SUBCATEGORYID ) 
 );

CREATE TABLE JCART_USERPOINTS ( 
	USERID               VARCHAR2( 200 ) NOT NULL,
	DISCOUNTPOINTS       NUMBER( 10 ),
	CONSTRAINT JCart_C005133 PRIMARY KEY ( USERID ) 
 );

CREATE TABLE JCART_USERPRODUCTREQUEST ( 
	REQUESTID            NUMBER( 10 ) NOT NULL,
	SUBCATEGORY          NUMBER( 10 ),
	DESCRIPTION          VARCHAR2( 200 ) NOT NULL,
	USERID               VARCHAR2( 200 ) NOT NULL,
	STATUS               CHAR( 1 ),
	REQUESTDATE          DATE NOT NULL,
	CONSTRAINT JCart_C005292 PRIMARY KEY ( REQUESTID ) 
 );

ALTER TABLE JCART_USERPRODUCTREQUEST ADD CONSTRAINT JCart_C005291 CHECK ( STATUS IN('P','A','R') );

CREATE TABLE JCART_EMI ( 
	EMIID                NUMBER( 10 ) NOT NULL,
	PAYMENTID            NUMBER( 10 ) NOT NULL,
	RATEOFINTEREST       NUMBER( 10 ) NOT NULL,
	DURATION             NUMBER( 10 ) NOT NULL,
	DUEPAYMENT           NUMBER( 10 ) NOT NULL,
	EMIAMOUNT            NUMBER( 10 ) NOT NULL,
	EMIREMAINING         NUMBER( 10 ) NOT NULL,
	NEXTEMIDATE          DATE NOT NULL,
	CONSTRAINT JCart_C005322 PRIMARY KEY ( EMIID ) 
 );

CREATE TABLE JCART_ISSUEDETAILS ( 
	ISSUEID              NUMBER( 10 ) NOT NULL,
	RETAILERID           VARCHAR2( 200 ),
	PRODUCTID            NUMBER( 10 ),
	USERID               VARCHAR2( 200 ),
	DESCRIPTION          VARCHAR2( 200 ) NOT NULL,
	STATUS               CHAR( 1 ),
	CONSTRAINT JCart_C005278 PRIMARY KEY ( ISSUEID ) 
 );

ALTER TABLE JCART_ISSUEDETAILS ADD CONSTRAINT JCart_C005277 CHECK ( STATUS IN ('A','S') );

CREATE TABLE JCART_LOGDETAIL ( 
	LOGID                NUMBER( 10 ) NOT NULL,
	USERID               VARCHAR2( 200 ) NOT NULL,
	LOGOUTTIME           TIMESTAMP NOT NULL,
	CONSTRAINT JCart_C005144 PRIMARY KEY ( LOGID ) 
 );

CREATE TABLE JCART_NEWPRODUCTS ( 
	PRODUCTID            NUMBER( 10 ) NOT NULL,
	PRICE                NUMBER( 10 ) NOT NULL,
	DISCOUNT             NUMBER( 5 ),
	OFFERCODE            NUMBER( 10 ),
	PRODUCTADDDATE       DATE NOT NULL,
	CONSTRAINT JCart_C005173 PRIMARY KEY ( PRODUCTID ) 
 );

CREATE TABLE JCART_ORDERLOGTABLE ( 
	ORDERID              NUMBER( 10 ) NOT NULL,
	PAYMENTID            NUMBER( 10 ) NOT NULL,
	USERID               VARCHAR2( 200 ) NOT NULL,
	DELIVERYSTATUS       CHAR( 1 ),
	ORDERDATE            DATE NOT NULL,
	SHIPMENTDATE         DATE,
	DELIVERYDATE         DATE,
	NUMOFPRODUCTS        NUMBER( 10 ) NOT NULL,
	CONSTRAINT JCart_C005312 PRIMARY KEY ( ORDERID ) 
 );

ALTER TABLE JCART_ORDERLOGTABLE ADD CONSTRAINT JCart_C005311 CHECK ( DELIVERYSTATUS IN('S','P','D','R') );

CREATE TABLE JCART_PRODUCT ( 
	PRODUCTID            NUMBER( 10 ) NOT NULL,
	SELLERID             VARCHAR2( 200 ) NOT NULL,
	PRODUCTTYPE          CHAR( 1 ),
	SUBCATEGORY          NUMBER( 10 ) NOT NULL,
	CATEGORYID           NUMBER( 10 ) NOT NULL,
	CONSTRAINT JCart_C005156 PRIMARY KEY ( PRODUCTID ) 
 );

ALTER TABLE JCART_PRODUCT ADD CONSTRAINT JCart_C005155 CHECK ( PRODUCTTYPE IN('N','U') );

CREATE TABLE JCART_PRODUCTRATING ( 
	RATINGID             NUMBER( 10 ) NOT NULL,
	USERID               VARCHAR2( 200 ) NOT NULL,
	PRODUCTID            NUMBER( 10 ) NOT NULL,
	REVIEWCOMMENTS       VARCHAR2( 250 ) NOT NULL,
	RATING               NUMBER( 1 ),
	DOS                  DATE,
	STATUS               CHAR( 1 ),
	CONSTRAINT JCart_C005265 PRIMARY KEY ( RATINGID ) 
 );

ALTER TABLE JCART_PRODUCTRATING ADD CONSTRAINT JCart_C005264 CHECK ( STATUS IN ('A','P') );

ALTER TABLE JCART_PRODUCTRATING ADD CONSTRAINT JCart_C005263 CHECK ( RATING<=5 );

CREATE TABLE JCART_PRODUCTVARIATIONS ( 
	PRODUCTID            NUMBER( 10 ) NOT NULL,
	VARIATIONCODE        VARCHAR2( 10 ) NOT NULL,
	FIT                  VARCHAR2( 10 ),
	IMAGEURL             VARCHAR2( 200 ),
	COLOR                VARCHAR2( 20 ) NOT NULL,
	STOCK                NUMBER( 10 ) NOT NULL,
	CONSTRAINT JCart_C005164 PRIMARY KEY ( PRODUCTID, VARIATIONCODE ) 
 );

CREATE TABLE JCART_TELEVISION ( 
	PRODUCTID            NUMBER( 10 ) NOT NULL,
	COMPANY              VARCHAR2( 100 ) NOT NULL,
	PRODUCTNAME          VARCHAR2( 100 ) NOT NULL,
	PIXELRESOLUTION      VARCHAR2( 20 ) NOT NULL,
	SCREENSIZE           NUMBER( 10 ) NOT NULL,
	HDREADY              CHAR( 1 ),
	DESCRIPTION          VARCHAR2( 200 ) NOT NULL,
	DIMENSION            VARCHAR2( 20 ),
	POWERCONSUMPTION     NUMBER( 10 ) NOT NULL,
	SPEAKEROUTPUT        NUMBER( 4 ) NOT NULL,
	SPEAKERTYPE          VARCHAR2( 50 ) NOT NULL,
	URL          VARCHAR2( 200 ) ,
	CONSTRAINT JCart_C005200 PRIMARY KEY ( PRODUCTID ) 
 );

ALTER TABLE JCART_TELEVISION ADD CONSTRAINT JCart_C005199 CHECK ( SPEAKEROUTPUT>=2 );

ALTER TABLE JCART_TELEVISION ADD CONSTRAINT JCart_C005198 CHECK ( DIMENSION like '%x%' );

ALTER TABLE JCART_TELEVISION ADD CONSTRAINT JCart_C005197 CHECK ( HDREADY IN('Y','N') );

CREATE TABLE JCART_USERWISHLIST ( 
	USERID               VARCHAR2( 200 ) NOT NULL,
	PRODUCTID            NUMBER( 10 ) NOT NULL,
	CONSTRAINT JCART_USERWISHLIST_PK PRIMARY KEY ( USERID, PRODUCTID ) 
 );

CREATE TABLE JCART_BAGS ( 
	PRODUCTID            NUMBER( 10 ) NOT NULL,
	COMPANY              VARCHAR2( 100 ) NOT NULL,
	PRODUCTNAME          VARCHAR2( 100 ) NOT NULL,
	TYPE                 VARCHAR2( 20 ) NOT NULL,
	IDEALFOR             CHAR( 1 ),
	MATERIAL             VARCHAR2( 50 ) NOT NULL,
	WEIGHT               NUMBER( 10 ) NOT NULL,
	DESCRIPTION          VARCHAR2( 200 ) NOT NULL,
	URL          VARCHAR2( 200 ) ,
	CONSTRAINT JCart_C005253 PRIMARY KEY ( PRODUCTID ) 
 );

ALTER TABLE JCART_BAGS ADD CONSTRAINT JCart_C005252 CHECK ( IDEALFOR IN ('M', 'F') );

CREATE TABLE JCART_BOOKS ( 
	PRODUCTID            NUMBER( 10 ) NOT NULL,
	PUBLISHER            VARCHAR2( 100 ) NOT NULL,
	PRODUCTNAME          VARCHAR2( 100 ) NOT NULL,
	AUTHOR               VARCHAR2( 50 ) NOT NULL,
	LANGUAGE             VARCHAR2( 20 ) NOT NULL,
	PUBLISHEDYEAR        NUMBER( 5 ) NOT NULL,
	NUMBEROFPAGES        NUMBER( 10 ) NOT NULL,
	TYPEOFCOVER          CHAR( 1 ),
	DIMENSIONS           VARCHAR2( 20 ),
	DESCRIPTION          VARCHAR2( 200 ) NOT NULL,
	URL          VARCHAR2( 200 ) ,
	CONSTRAINT JCart_C005236 PRIMARY KEY ( PRODUCTID ) 
 );

ALTER TABLE JCART_BOOKS ADD CONSTRAINT JCart_C005235 CHECK ( DIMENSIONS like '%x%' );

ALTER TABLE JCART_BOOKS ADD CONSTRAINT JCart_C005234 CHECK ( TYPEOFCOVER IN ('H','S') );

CREATE TABLE JCART_BROWSINGHISTORY ( 
	USERID               VARCHAR2( 200 ) NOT NULL,
	LASTBROWSED          TIMESTAMP NOT NULL,
	PRODUCTID            NUMBER( 10 ) NOT NULL,
	CONSTRAINT JCart_C005285 PRIMARY KEY ( USERID, LASTBROWSED ) 
 );

CREATE TABLE JCART_CAMERA ( 
	PRODUCTID            NUMBER( 10 ) NOT NULL,
	COMPANY              VARCHAR2( 100 ) NOT NULL,
	PRODUCTNAME          VARCHAR2( 100 ) NOT NULL,
	OPTICALZOOM          NUMBER( 4 ) NOT NULL,
	DIGITALZOOM          NUMBER( 4 ) NOT NULL,
	PIXELS               NUMBER NOT NULL,
	FOCALLENGTH          NUMBER( 10 ) NOT NULL,
	MEMORY               VARCHAR2( 10 ) NOT NULL,
	BATTERY              NUMBER( 10 ) NOT NULL,
	SHUTTERSPEED         VARCHAR2( 20 ) NOT NULL,
	DESCRIPTION          VARCHAR2( 200 ) NOT NULL,
	URL          VARCHAR2( 200 ) ,
	CONSTRAINT JCart_C005225 PRIMARY KEY ( PRODUCTID ) 
 );

CREATE TABLE JCART_CLOTHING ( 
	PRODUCTID            NUMBER( 10 ) NOT NULL,
	COMPANY              VARCHAR2( 100 ) NOT NULL,
	PRODUCTNAME          VARCHAR2( 100 ) NOT NULL,
	IDEALFOR             CHAR( 1 ),
	DESCRIPTION          VARCHAR2( 400 ),
	FABRIC               VARCHAR2( 40 ) NOT NULL,
	URL          VARCHAR2( 200 ) ,
	CONSTRAINT JCart_C005187 PRIMARY KEY ( PRODUCTID ) 
 );

ALTER TABLE JCART_CLOTHING ADD CONSTRAINT JCart_C005186 CHECK ( IDEALFOR IN ('M','F') );

CREATE TABLE JCART_COMPUTERS ( 
	PRODUCTID            NUMBER( 10 ) NOT NULL,
	COMPANY              VARCHAR2( 100 ) NOT NULL,
	PRODUCTNAME          VARCHAR2( 100 ) NOT NULL,
	PROCESSORNAME        VARCHAR2( 20 ),
	PROCESSORSPEED       NUMBER( 10 ),
	RAM                  NUMBER( 10 ),
	HARDDISKSIZE         NUMBER( 10 ),
	GRAPHICCARD          VARCHAR2( 50 ),
	SCREENSIZE           NUMBER( 10 ),
	BATTERYBACKUP        NUMBER( 10 ),
	BATTERYCELLS         NUMBER( 4 ),
	DESCRIPTION          VARCHAR2( 200 ),
	URL          VARCHAR2( 200 ) ,
	CONSTRAINT JCart_C005258 PRIMARY KEY ( PRODUCTID ) 
 );

ALTER TABLE JCART_COMPUTERS ADD CONSTRAINT JCart_C005257 CHECK ( BATTERYCELLS IN (6,8,12) );

CREATE TABLE JCART_FOOTWEAR ( 
	PRODUCTID            NUMBER( 10 ) NOT NULL,
	COMPANY              VARCHAR2( 100 ) NOT NULL,
	PRODUCTNAME          VARCHAR2( 100 ) NOT NULL,
	IDEALFOR             CHAR( 1 ),
	MATERIAL             VARCHAR2( 50 ) NOT NULL,
	WEIGHT               NUMBER( 10 ) NOT NULL,
	DESCRIPTION          VARCHAR2( 200 ) NOT NULL,
	URL          VARCHAR2( 200 ),
	CONSTRAINT JCart_C005244 PRIMARY KEY ( PRODUCTID ) 
 );

ALTER TABLE JCART_FOOTWEAR ADD CONSTRAINT JCart_C005243 CHECK ( IDEALFOR IN ('M', 'F') );

CREATE TABLE JCART_MOBILE ( 
	PRODUCTID            NUMBER( 10 ) NOT NULL,
	COMPANY              VARCHAR2( 100 ) NOT NULL,
	PRODUCTNAME          VARCHAR2( 100 ) NOT NULL,
	SIM                  CHAR( 1 ),
	CAMERA               NUMBER( 4 ) NOT NULL,
	SCREENSIZE           NUMBER( 10 ) NOT NULL,
	RESOLUTION           VARCHAR2( 20 ) NOT NULL,
	BATTERYTYPE          NUMBER( 10 ) NOT NULL,
	DESCRIPTION          VARCHAR2( 200 ) NOT NULL,
	GENERATION           CHAR( 2 ),
	MEMORY               VARCHAR2( 10 ) NOT NULL,
	URL          VARCHAR2( 200 ) ,
	CONSTRAINT JCart_C005213 PRIMARY KEY ( PRODUCTID ) 
 );

ALTER TABLE JCART_MOBILE ADD CONSTRAINT JCart_C005212 CHECK ( GENERATION IN('1G','2G','3G','4G') );

ALTER TABLE JCART_MOBILE ADD CONSTRAINT JCart_C005211 CHECK (  RESOLUTION like '%x%' );

ALTER TABLE JCART_MOBILE ADD CONSTRAINT JCart_C005210 CHECK ( SIM IN ('D','S') );

CREATE TABLE JCART_PAYMENTDETAILS ( 
	PAYMENTID            NUMBER( 10 ) NOT NULL,
	PRODUCTID            NUMBER( 10 ) NOT NULL,
	VARIATIONCODE        VARCHAR2( 10 ) NOT NULL,
	NUMOFPRODUCTS        NUMBER( 10 ) NOT NULL,
	SELLERID             VARCHAR2( 200 ) NOT NULL,
	CONSTRAINT JCart_C005303 PRIMARY KEY ( PAYMENTID, PRODUCTID, VARIATIONCODE ) 
 );

ALTER TABLE JCART_BAGS ADD CONSTRAINT JCart_C005254 FOREIGN KEY ( PRODUCTID ) REFERENCES JCART_PRODUCT( PRODUCTID );

ALTER TABLE JCART_BOOKS ADD CONSTRAINT JCart_C005237 FOREIGN KEY ( PRODUCTID ) REFERENCES JCART_PRODUCT( PRODUCTID );

ALTER TABLE JCART_BROWSINGHISTORY ADD CONSTRAINT JCart_C005286 FOREIGN KEY ( USERID ) REFERENCES JCART_LOGIN( USERID );

ALTER TABLE JCART_BROWSINGHISTORY ADD CONSTRAINT JCart_C005287 FOREIGN KEY ( PRODUCTID ) REFERENCES JCART_PRODUCT( PRODUCTID );

ALTER TABLE JCART_CAMERA ADD CONSTRAINT JCart_C005226 FOREIGN KEY ( PRODUCTID ) REFERENCES JCART_PRODUCT( PRODUCTID );

ALTER TABLE JCART_CLOTHING ADD CONSTRAINT JCart_C005188 FOREIGN KEY ( PRODUCTID ) REFERENCES JCART_PRODUCT( PRODUCTID );

ALTER TABLE JCART_COMPUTERS ADD CONSTRAINT JCart_C005259 FOREIGN KEY ( PRODUCTID ) REFERENCES JCART_PRODUCT( PRODUCTID );

ALTER TABLE JCART_EMI ADD CONSTRAINT JCart_C005323 FOREIGN KEY ( PAYMENTID ) REFERENCES JCART_PAYMENT( PAYMENTID );

ALTER TABLE JCART_FOOTWEAR ADD CONSTRAINT JCart_C005245 FOREIGN KEY ( PRODUCTID ) REFERENCES JCART_PRODUCT( PRODUCTID );

ALTER TABLE JCART_ISSUEDETAILS ADD CONSTRAINT JCart_C005280 FOREIGN KEY ( USERID ) REFERENCES JCART_LOGIN( USERID );

ALTER TABLE JCART_ISSUEDETAILS ADD CONSTRAINT JCart_C005279 FOREIGN KEY ( RETAILERID ) REFERENCES JCART_LOGIN( USERID );

ALTER TABLE JCART_LOGDETAIL ADD CONSTRAINT JCart_C005145 FOREIGN KEY ( USERID ) REFERENCES JCART_LOGIN( USERID );

ALTER TABLE JCART_MESSAGES ADD CONSTRAINT JCart_C005141 FOREIGN KEY ( RECIEVERID ) REFERENCES JCART_LOGIN( USERID );

ALTER TABLE JCART_MESSAGES ADD CONSTRAINT JCart_C005140 FOREIGN KEY ( SENDERID ) REFERENCES JCART_LOGIN( USERID );

ALTER TABLE JCART_MOBILE ADD CONSTRAINT JCart_C005214 FOREIGN KEY ( PRODUCTID ) REFERENCES JCART_PRODUCT( PRODUCTID );

ALTER TABLE JCART_NEWPRODUCTS ADD CONSTRAINT JCart_C005174 FOREIGN KEY ( OFFERCODE ) REFERENCES JCART_PRODUCTOFFER( OFFERCODE );

ALTER TABLE JCART_ORDERLOGTABLE ADD CONSTRAINT JCart_C005314 FOREIGN KEY ( USERID ) REFERENCES JCART_LOGIN( USERID );

ALTER TABLE JCART_ORDERLOGTABLE ADD CONSTRAINT JCart_C005313 FOREIGN KEY ( PAYMENTID ) REFERENCES JCART_PAYMENT( PAYMENTID );

ALTER TABLE JCART_PAYMENT ADD CONSTRAINT JCart_C005300 FOREIGN KEY ( BUYERID ) REFERENCES JCART_LOGIN( USERID );

ALTER TABLE JCART_PAYMENTDETAILS ADD CONSTRAINT JCart_C005306 FOREIGN KEY ( SELLERID ) REFERENCES JCART_LOGIN( USERID );

ALTER TABLE JCART_PAYMENTDETAILS ADD CONSTRAINT JCart_C005304 FOREIGN KEY ( PAYMENTID ) REFERENCES JCART_PAYMENT( PAYMENTID );

ALTER TABLE JCART_PAYMENTDETAILS ADD CONSTRAINT JCart_C005305 FOREIGN KEY ( PRODUCTID ) REFERENCES JCART_PRODUCT( PRODUCTID );

ALTER TABLE JCART_PRODUCT ADD CONSTRAINT JCart_C005159 FOREIGN KEY ( CATEGORYID ) REFERENCES JCART_CATEGORY( CATEGORYID );

ALTER TABLE JCART_PRODUCT ADD CONSTRAINT JCart_C005157 FOREIGN KEY ( SELLERID ) REFERENCES JCART_LOGIN( USERID );

ALTER TABLE JCART_PRODUCT ADD CONSTRAINT JCart_C005158 FOREIGN KEY ( SUBCATEGORY ) REFERENCES JCART_SUBCATEGORY( SUBCATEGORYID );

ALTER TABLE JCART_PRODUCTBID ADD CONSTRAINT JCart_C005182 FOREIGN KEY ( LASTBUTONEBIDDERID ) REFERENCES JCART_LOGIN( USERID );

ALTER TABLE JCART_PRODUCTBID ADD CONSTRAINT JCart_C005181 FOREIGN KEY ( LASTBIDDERID ) REFERENCES JCART_LOGIN( USERID );

ALTER TABLE JCART_PRODUCTRATING ADD CONSTRAINT JCart_C005266 FOREIGN KEY ( USERID ) REFERENCES JCART_LOGIN( USERID );

ALTER TABLE JCART_PRODUCTRATING ADD CONSTRAINT JCart_C005267 FOREIGN KEY ( PRODUCTID ) REFERENCES JCART_PRODUCT( PRODUCTID );

ALTER TABLE JCART_PRODUCTVARIATIONS ADD CONSTRAINT JCart_C005165 FOREIGN KEY ( PRODUCTID ) REFERENCES JCART_PRODUCT( PRODUCTID );

ALTER TABLE JCART_REGISTRATION ADD CONSTRAINT JCart_C005132 FOREIGN KEY ( USERID ) REFERENCES JCART_LOGIN( USERID );

ALTER TABLE JCART_RETAILERRATING ADD CONSTRAINT JCart_C005275 FOREIGN KEY ( USERID ) REFERENCES JCART_LOGIN( USERID );

ALTER TABLE JCART_RETAILERRATING ADD CONSTRAINT JCart_C005274 FOREIGN KEY ( RETAILERID ) REFERENCES JCART_LOGIN( USERID );

ALTER TABLE JCART_SUBCATEGORY ADD CONSTRAINT JCart_C005151 FOREIGN KEY ( CATEGORYID ) REFERENCES JCART_CATEGORY( CATEGORYID );

ALTER TABLE JCART_TELEVISION ADD CONSTRAINT JCart_C005201 FOREIGN KEY ( PRODUCTID ) REFERENCES JCART_PRODUCT( PRODUCTID );

ALTER TABLE JCART_USERPOINTS ADD CONSTRAINT JCart_C005134 FOREIGN KEY ( USERID ) REFERENCES JCART_LOGIN( USERID );

ALTER TABLE JCART_USERPRODUCTREQUEST ADD CONSTRAINT JCart_C005294 FOREIGN KEY ( USERID ) REFERENCES JCART_LOGIN( USERID );

ALTER TABLE JCART_USERPRODUCTREQUEST ADD CONSTRAINT JCart_C005293 FOREIGN KEY ( SUBCATEGORY ) REFERENCES JCART_SUBCATEGORY( SUBCATEGORYID );

ALTER TABLE JCART_USERWISHLIST ADD CONSTRAINT JCart_C005282 FOREIGN KEY ( USERID ) REFERENCES JCART_LOGIN( USERID );

ALTER TABLE JCART_USERWISHLIST ADD CONSTRAINT JCart_C005283 FOREIGN KEY ( PRODUCTID ) REFERENCES JCART_PRODUCT( PRODUCTID );



Insert into JCART_LOGIN (USERID,PASSWORD,ROLE,STATUS) values ('Mohpreet','Mohpreet@123','R','D');
Insert into JCART_LOGIN (USERID,PASSWORD,ROLE,STATUS) values ('Dinesh_R','Dinesh@123','R','L');
Insert into JCART_LOGIN (USERID,PASSWORD,ROLE,STATUS) values ('Garima_G','Garima@123','R','R');
Insert into JCART_LOGIN (USERID,PASSWORD,ROLE,STATUS) values ('Aditya_P','Aditya@123','R','A');
Insert into JCART_LOGIN (USERID,PASSWORD,ROLE,STATUS) values ('Sandeep_K','Sandeep@123','R','D');
Insert into JCART_LOGIN (USERID,PASSWORD,ROLE,STATUS) values ('Harish_H','Harish@123','U','A');
Insert into JCART_LOGIN (USERID,PASSWORD,ROLE,STATUS) values ('Swati_K','Swati@123','U','D');
Insert into JCART_LOGIN (USERID,PASSWORD,ROLE,STATUS) values ('Rashmi_S','Rashmi@123','U','D');
Insert into JCART_LOGIN (USERID,PASSWORD,ROLE,STATUS) values ('Suresh_M','Suresh@123','U','A');
Insert into JCART_LOGIN (USERID,PASSWORD,ROLE,STATUS) values ('Narayanarao_R','Narayanarao@123','U','A');
Insert into JCART_LOGIN (USERID,PASSWORD,ROLE,STATUS) values ('Manoj_B','Manoj@123','U','A');
Insert into JCART_LOGIN (USERID,PASSWORD,ROLE,STATUS) values ('Umesha_S','Umesha@123','U','A');
Insert into JCART_LOGIN (USERID,PASSWORD,ROLE,STATUS) values ('Rishav_S','Rishav@123','U','B');
Insert into JCART_LOGIN (USERID,PASSWORD,ROLE,STATUS) values ('Raj_P','Raj@123','U','A');
Insert into JCART_LOGIN (USERID,PASSWORD,ROLE,STATUS) values ('Rachit_G','Rachit@123','U','A');
Insert into JCART_LOGIN (USERID,PASSWORD,ROLE,STATUS) values ('Jcart','Jcart@123','A','A');
commit;

Insert into JCART_REGISTRATION (REGISTRATIONID,USERID,FIRSTNAME,LASTNAME,PERMANENTADDRESS,SHIPMENTADDRESS,PHONENUMBER,SECURITYQUESTION,SECURITYANSWER,DOB,MESSAGESERVICE,GENDER) values (1001,'Mohpreet','Mohpreet','Singh','Ap #996-2836 Mauris. Rd.,Vergennes,Oregon,9755',null,9585214782,'What is your favourite color?','Black',to_date('12-MAR-90','DD-MON-RR'),'Y','M');
Insert into JCART_REGISTRATION (REGISTRATIONID,USERID,FIRSTNAME,LASTNAME,PERMANENTADDRESS,SHIPMENTADDRESS,PHONENUMBER,SECURITYQUESTION,SECURITYANSWER,DOB,MESSAGESERVICE,GENDER) values (1002,'Dinesh_R','Dinesh','Radhakrishnan','Ap #912-6952 Pede, New Brunswick,California,B7X 6U2',null,9582145632,'What was your childhood nickname?','Dino',to_date('14-APR-85','DD-MON-RR'),'Y','M');
Insert into JCART_REGISTRATION (REGISTRATIONID,USERID,FIRSTNAME,LASTNAME,PERMANENTADDRESS,SHIPMENTADDRESS,PHONENUMBER,SECURITYQUESTION,SECURITYANSWER,DOB,MESSAGESERVICE,GENDER) values (1003,'Garima_G','Garima','Gupta','Ap #188-6059 Tellus. St. ,Texarkana,Texas,73300',null,9587412369,'What is your favourite color?','Red',to_date('31-JAN-92','DD-MON-RR'),'Y','M');
Insert into JCART_REGISTRATION (REGISTRATIONID,USERID,FIRSTNAME,LASTNAME,PERMANENTADDRESS,SHIPMENTADDRESS,PHONENUMBER,SECURITYQUESTION,SECURITYANSWER,DOB,MESSAGESERVICE,GENDER) values (1004,'Aditya_P','Germania','Pattnaik','P.O. Box 407, 9595 Scelerisque St.,Laughlin,QC,F8D 3A0',null,9655874123,'What is your favourite color?','Black',to_date('01-MAY-95','DD-MON-RR'),'Y','M');
Insert into JCART_REGISTRATION (REGISTRATIONID,USERID,FIRSTNAME,LASTNAME,PERMANENTADDRESS,SHIPMENTADDRESS,PHONENUMBER,SECURITYQUESTION,SECURITYANSWER,DOB,MESSAGESERVICE,GENDER) values (1005,'Sandeep_K','Sandeep','K','1818 Commodo Avenue,Yakima,Alaska,V7F 8T0',null,9536985214,'What is your favourite Sport?','Hockey',to_date('18-OCT-91','DD-MON-RR'),'Y','M');
Insert into JCART_REGISTRATION (REGISTRATIONID,USERID,FIRSTNAME,LASTNAME,PERMANENTADDRESS,SHIPMENTADDRESS,PHONENUMBER,SECURITYQUESTION,SECURITYANSWER,DOB,MESSAGESERVICE,GENDER) values (1006,'Harish_H','Harish','Kumar','6583 Fringilla Av.,Lowell,NT,V7G 6R6','6583 Fringilla Av.,Lowell,NT,V7G 6R6',9945098746,'What is your favourite Sport?','Cricket',to_date('14-DEC-89','DD-MON-RR'),'Y','M');
Insert into JCART_REGISTRATION (REGISTRATIONID,USERID,FIRSTNAME,LASTNAME,PERMANENTADDRESS,SHIPMENTADDRESS,PHONENUMBER,SECURITYQUESTION,SECURITYANSWER,DOB,MESSAGESERVICE,GENDER) values (1007,'Swati_K','Swati','Kansal','P.O. Box 343, 7732 Vitae Street,Marshfield,Georgia,42305','P.O. Box 343, 7732 Vitae Street,Marshfield,Georgia,4200',9854570000,'What was your dream job as a child?','Musician',to_date('13-FEB-82','DD-MON-RR'),'Y','M');
Insert into JCART_REGISTRATION (REGISTRATIONID,USERID,FIRSTNAME,LASTNAME,PERMANENTADDRESS,SHIPMENTADDRESS,PHONENUMBER,SECURITYQUESTION,SECURITYANSWER,DOB,MESSAGESERVICE,GENDER) values (1008,'Rashmi_S','Rashmi','Sutrave','894-6404 Proin St.,Beverly,Ontario,66822','894-6404 Proin St.,Beverly,Ontario,66822',9587412365,'What is your favourite color?','Yellow',to_date('17-SEP-75','DD-MON-RR'),'Y','M');
Insert into JCART_REGISTRATION (REGISTRATIONID,USERID,FIRSTNAME,LASTNAME,PERMANENTADDRESS,SHIPMENTADDRESS,PHONENUMBER,SECURITYQUESTION,SECURITYANSWER,DOB,MESSAGESERVICE,GENDER) values (1009,'Suresh_M','Suresh','Mohan','5529 Accumsan Road,Manassas Park,MB,71393','5529 Accumsan Road,Manassas Park,MB,71393',9536214785,'What was your dream job as a child?','Doctor',to_date('24-NOV-75','DD-MON-RR'),'Y','M');
Insert into JCART_REGISTRATION (REGISTRATIONID,USERID,FIRSTNAME,LASTNAME,PERMANENTADDRESS,SHIPMENTADDRESS,PHONENUMBER,SECURITYQUESTION,SECURITYANSWER,DOB,MESSAGESERVICE,GENDER) values (1010,'Narayanarao_R','Narayana','Rao','6217 Egestas. Road,Superior,Quebec,L4N 4R4','6217 Egestas. Road,Superior,Quebec,L4N 4R4',9412365841,'What is your favourite color?','Blue',to_date('23-AUG-80','DD-MON-RR'),'N','F');
Insert into JCART_REGISTRATION (REGISTRATIONID,USERID,FIRSTNAME,LASTNAME,PERMANENTADDRESS,SHIPMENTADDRESS,PHONENUMBER,SECURITYQUESTION,SECURITYANSWER,DOB,MESSAGESERVICE,GENDER) values (1011,'Manoj_B','Manoj','Kumar','Ap #472-6353 Nulla St.,Guayanilla,IA,82636','Ap #472-6353 Nulla St.,Guayanilla,IA,82636',9632145874,'What is your favourite Sport?','FootBall',to_date('27-MAR-83','DD-MON-RR'),'N','F');
Insert into JCART_REGISTRATION (REGISTRATIONID,USERID,FIRSTNAME,LASTNAME,PERMANENTADDRESS,SHIPMENTADDRESS,PHONENUMBER,SECURITYQUESTION,SECURITYANSWER,DOB,MESSAGESERVICE,GENDER) values (1012,'Umesha_S','Umesha','Murthy','Ap #104-9899 Urna. Rd.,Plymouth,FL,42106','299-2209 Dignissim St.,Lufkin,Prince Edward Island,C8B 8Q5',9574123652,'What is your favourite color?','Cyan',to_date('30-JUN-82','DD-MON-RR'),'Y','F');
Insert into JCART_REGISTRATION (REGISTRATIONID,USERID,FIRSTNAME,LASTNAME,PERMANENTADDRESS,SHIPMENTADDRESS,PHONENUMBER,SECURITYQUESTION,SECURITYANSWER,DOB,MESSAGESERVICE,GENDER) values (1013,'Rishav_S','Rishav','Singh','Ap #862-4935 SedAv.,Turlock,Nova Scotia,H5N 9U1','Ap #115-1509 Dolor. Rd.,Lawrence,Yukon,49298',9471236582,'What was your childhood nickname?','Rishu',to_date('07-JUL-93','DD-MON-RR'),'Y','F');
Insert into JCART_REGISTRATION (REGISTRATIONID,USERID,FIRSTNAME,LASTNAME,PERMANENTADDRESS,SHIPMENTADDRESS,PHONENUMBER,SECURITYQUESTION,SECURITYANSWER,DOB,MESSAGESERVICE,GENDER) values (1014,'Raj_P','Rajagopalan','P','8166 Curabitur Ave,Corpus Christi,Saskatchewan,19491','281-1654 Dapibus Ave,Montpelier,SK,H7H 1Y4',9851236541,'What is your favourite Sport?','Golf',to_date('04-MAY-76','DD-MON-RR'),'Y','F');
Insert into JCART_REGISTRATION (REGISTRATIONID,USERID,FIRSTNAME,LASTNAME,PERMANENTADDRESS,SHIPMENTADDRESS,PHONENUMBER,SECURITYQUESTION,SECURITYANSWER,DOB,MESSAGESERVICE,GENDER) values (1015,'Rachit_G','Rachit','Garg','310-8717 Phasellus Ave,Olean,NE,M1G 6V7','P.O. Box 106, 2310 Laoreet St.,Turlock,KY,Q8B 1N3',9321478521,'What is your favourite Sport?','baseball',to_date('09-DEC-91','DD-MON-RR'),'Y','F');
commit;



Insert into JCART_PRODUCTOFFER (OFFERCODE,OFFERDETAILS,OFFERDISCOUNT,STARTDATE,ENDDATE) values (5001,'McAfee AntiVirus Plus 2011 - 12 Months Subscription',15,to_date('12-APR-15','DD-MON-RR'),to_date('30-JUN-14','DD-MON-RR'));
Insert into JCART_PRODUCTOFFER (OFFERCODE,OFFERDETAILS,OFFERDISCOUNT,STARTDATE,ENDDATE) values (5002,'Festival  sale',0,to_date('12-MAR-13','DD-MON-RR'),to_date('30-JUN-14','DD-MON-RR'));
Insert into JCART_PRODUCTOFFER (OFFERCODE,OFFERDETAILS,OFFERDISCOUNT,STARTDATE,ENDDATE) values (5003,'promotional offer',20,to_date('12-MAR-15','DD-MON-RR'),to_date('12-APR-15','DD-MON-RR'));
Insert into JCART_PRODUCTOFFER (OFFERCODE,OFFERDETAILS,OFFERDISCOUNT,STARTDATE,ENDDATE) values (5004,'promotional offer',25,to_date('12-APR-14','DD-MON-RR'),to_date('30-JUN-14','DD-MON-RR'));
Insert into JCART_PRODUCTOFFER (OFFERCODE,OFFERDETAILS,OFFERDISCOUNT,STARTDATE,ENDDATE) values (5005,'Stock Clearance sale',50,to_date('15-JAN-13','DD-MON-RR'),to_date('30-JUN-14','DD-MON-RR'));
Insert into JCART_PRODUCTOFFER (OFFERCODE,OFFERDETAILS,OFFERDISCOUNT,STARTDATE,ENDDATE) values (1787,'Trial offer10 ',85,to_date('26-JUN-13','DD-MON-RR'),to_date('25-JUN-14','DD-MON-RR'));
Insert into JCART_PRODUCTOFFER (OFFERCODE,OFFERDETAILS,OFFERDISCOUNT,STARTDATE,ENDDATE) values (1793,'Trial offer11',54,to_date('26-JUN-13','DD-MON-RR'),to_date('25-JUN-16','DD-MON-RR'));
Insert into JCART_PRODUCTOFFER (OFFERCODE,OFFERDETAILS,OFFERDISCOUNT,STARTDATE,ENDDATE) values (2289,'Trial offer1',19,to_date('27-JUN-13','DD-MON-RR'),to_date('29-JUN-17','DD-MON-RR'));
Insert into JCART_PRODUCTOFFER (OFFERCODE,OFFERDETAILS,OFFERDISCOUNT,STARTDATE,ENDDATE) values (2290,'Trial offer2',19,to_date('27-JUN-13','DD-MON-RR'),to_date('29-JUN-13','DD-MON-RR'));
Insert into JCART_PRODUCTOFFER (OFFERCODE,OFFERDETAILS,OFFERDISCOUNT,STARTDATE,ENDDATE) values (2292,'Trial offer3',25,to_date('27-JUN-13','DD-MON-RR'),to_date('29-JUN-16','DD-MON-RR'));
Insert into JCART_PRODUCTOFFER (OFFERCODE,OFFERDETAILS,OFFERDISCOUNT,STARTDATE,ENDDATE) values (2457,'Trial offer4',12,to_date('17-JUL-13','DD-MON-RR'),to_date('01-JUL-13','DD-MON-RR'));
Insert into JCART_PRODUCTOFFER (OFFERCODE,OFFERDETAILS,OFFERDISCOUNT,STARTDATE,ENDDATE) values (2576,'Trial offer5..',23,to_date('24-JUL-13','DD-MON-RR'),to_date('31-JUL-14','DD-MON-RR'));
Insert into JCART_PRODUCTOFFER (OFFERCODE,OFFERDETAILS,OFFERDISCOUNT,STARTDATE,ENDDATE) values (1679,'Trial Offer6',50,to_date('26-JUN-13','DD-MON-RR'),to_date('24-JUN-17','DD-MON-RR'));
Insert into JCART_PRODUCTOFFER (OFFERCODE,OFFERDETAILS,OFFERDISCOUNT,STARTDATE,ENDDATE) values (2162,'Trial offer7',23,to_date('27-JUN-13','DD-MON-RR'),to_date('29-JUN-13','DD-MON-RR'));
Insert into JCART_PRODUCTOFFER (OFFERCODE,OFFERDETAILS,OFFERDISCOUNT,STARTDATE,ENDDATE) values (2163,'Trial offer8',23,to_date('27-JUN-13','DD-MON-RR'),to_date('29-JUN-14','DD-MON-RR'));
Insert into JCART_PRODUCTOFFER (OFFERCODE,OFFERDETAILS,OFFERDISCOUNT,STARTDATE,ENDDATE) values (2164,'Trial offer9',23,to_date('27-JUN-13','DD-MON-RR'),to_date('27-JUN-16','DD-MON-RR'));
commit;

Insert into JCART_CATEGORY (CATEGORYID,CATEGORYNAME) values (101,'Books');
Insert into JCART_CATEGORY (CATEGORYID,CATEGORYNAME) values (102,'Computer');
Insert into JCART_CATEGORY (CATEGORYID,CATEGORYNAME) values (103,'Camera');
Insert into JCART_CATEGORY (CATEGORYID,CATEGORYNAME) values (104,'TV');
Insert into JCART_CATEGORY (CATEGORYID,CATEGORYNAME) values (105,'Mobile');
Insert into JCART_CATEGORY (CATEGORYID,CATEGORYNAME) values (106,'Clothing');
Insert into JCART_CATEGORY (CATEGORYID,CATEGORYNAME) values (107,'Footwear');
Insert into JCART_CATEGORY (CATEGORYID,CATEGORYNAME) values (108,'Bags');
commit;

Insert into JCART_SUBCATEGORY (SUBCATEGORYID,SUBCATEGORYNAME,CATEGORYID) values (201,'Children',101);
Insert into JCART_SUBCATEGORY (SUBCATEGORYID,SUBCATEGORYNAME,CATEGORYID) values (202,'School Books',101);
Insert into JCART_SUBCATEGORY (SUBCATEGORYID,SUBCATEGORYNAME,CATEGORYID) values (203,'Science and Technology',101);
Insert into JCART_SUBCATEGORY (SUBCATEGORYID,SUBCATEGORYNAME,CATEGORYID) values (204,'Academic and Professional',101);
Insert into JCART_SUBCATEGORY (SUBCATEGORYID,SUBCATEGORYNAME,CATEGORYID) values (205,'Travel',101);
Insert into JCART_SUBCATEGORY (SUBCATEGORYID,SUBCATEGORYNAME,CATEGORYID) values (206,'Health and Fitness',101);
Insert into JCART_SUBCATEGORY (SUBCATEGORYID,SUBCATEGORYNAME,CATEGORYID) values (207,'Comics and Graphic Novel',101);
Insert into JCART_SUBCATEGORY (SUBCATEGORYID,SUBCATEGORYNAME,CATEGORYID) values (208,'Cooking Food and Wine',101);
Insert into JCART_SUBCATEGORY (SUBCATEGORYID,SUBCATEGORYNAME,CATEGORYID) values (209,'Literature and Fiction',101);
Insert into JCART_SUBCATEGORY (SUBCATEGORYID,SUBCATEGORYNAME,CATEGORYID) values (210,'Philosophy',101);
Insert into JCART_SUBCATEGORY (SUBCATEGORYID,SUBCATEGORYNAME,CATEGORYID) values (211,'Sports and Games',101);
Insert into JCART_SUBCATEGORY (SUBCATEGORYID,SUBCATEGORYNAME,CATEGORYID) values (212,'Laptops',102);
Insert into JCART_SUBCATEGORY (SUBCATEGORYID,SUBCATEGORYNAME,CATEGORYID) values (213,'Tablet',102);
Insert into JCART_SUBCATEGORY (SUBCATEGORYID,SUBCATEGORYNAME,CATEGORYID) values (214,'All in One Desktop',102);
Insert into JCART_SUBCATEGORY (SUBCATEGORYID,SUBCATEGORYNAME,CATEGORYID) values (215,'Ultrabooks',102);
Insert into JCART_SUBCATEGORY (SUBCATEGORYID,SUBCATEGORYNAME,CATEGORYID) values (216,'DSLR',103);
Insert into JCART_SUBCATEGORY (SUBCATEGORYID,SUBCATEGORYNAME,CATEGORYID) values (217,'Point n Shoot',103);
Insert into JCART_SUBCATEGORY (SUBCATEGORYID,SUBCATEGORYNAME,CATEGORYID) values (218,'Advanced Point n Shoot',103);
Insert into JCART_SUBCATEGORY (SUBCATEGORYID,SUBCATEGORYNAME,CATEGORYID) values (219,'Camcorder',103);
Insert into JCART_SUBCATEGORY (SUBCATEGORYID,SUBCATEGORYNAME,CATEGORYID) values (220,'LED',104);
Insert into JCART_SUBCATEGORY (SUBCATEGORYID,SUBCATEGORYNAME,CATEGORYID) values (221,'LCD',104);
Insert into JCART_SUBCATEGORY (SUBCATEGORYID,SUBCATEGORYNAME,CATEGORYID) values (222,'Plasma',104);
Insert into JCART_SUBCATEGORY (SUBCATEGORYID,SUBCATEGORYNAME,CATEGORYID) values (223,'CRT',104);
Insert into JCART_SUBCATEGORY (SUBCATEGORYID,SUBCATEGORYNAME,CATEGORYID) values (224,'Home Theatre',104);
Insert into JCART_SUBCATEGORY (SUBCATEGORYID,SUBCATEGORYNAME,CATEGORYID) values (225,'Android',105);
Insert into JCART_SUBCATEGORY (SUBCATEGORYID,SUBCATEGORYNAME,CATEGORYID) values (226,'Symbion',105);
Insert into JCART_SUBCATEGORY (SUBCATEGORYID,SUBCATEGORYNAME,CATEGORYID) values (227,'Windows',105);
Insert into JCART_SUBCATEGORY (SUBCATEGORYID,SUBCATEGORYNAME,CATEGORYID) values (228,'iOS',105);
Insert into JCART_SUBCATEGORY (SUBCATEGORYID,SUBCATEGORYNAME,CATEGORYID) values (229,'Blackberry',105);
Insert into JCART_SUBCATEGORY (SUBCATEGORYID,SUBCATEGORYNAME,CATEGORYID) values (230,'Casual Wear',106);
Insert into JCART_SUBCATEGORY (SUBCATEGORYID,SUBCATEGORYNAME,CATEGORYID) values (231,'Party Wear',106);
Insert into JCART_SUBCATEGORY (SUBCATEGORYID,SUBCATEGORYNAME,CATEGORYID) values (232,'Sports Wear',106);
Insert into JCART_SUBCATEGORY (SUBCATEGORYID,SUBCATEGORYNAME,CATEGORYID) values (233,'Formal Wear',106);
Insert into JCART_SUBCATEGORY (SUBCATEGORYID,SUBCATEGORYNAME,CATEGORYID) values (234,'Ethnic Wear',106);
Insert into JCART_SUBCATEGORY (SUBCATEGORYID,SUBCATEGORYNAME,CATEGORYID) values (235,'Casual',107);
Insert into JCART_SUBCATEGORY (SUBCATEGORYID,SUBCATEGORYNAME,CATEGORYID) values (236,'Formal ',107);
Insert into JCART_SUBCATEGORY (SUBCATEGORYID,SUBCATEGORYNAME,CATEGORYID) values (237,'Sports',107);
Insert into JCART_SUBCATEGORY (SUBCATEGORYID,SUBCATEGORYNAME,CATEGORYID) values (238,'Flats',107);
Insert into JCART_SUBCATEGORY (SUBCATEGORYID,SUBCATEGORYNAME,CATEGORYID) values (239,'Heels',107);
Insert into JCART_SUBCATEGORY (SUBCATEGORYID,SUBCATEGORYNAME,CATEGORYID) values (240,'Sneakers',107);
Insert into JCART_SUBCATEGORY (SUBCATEGORYID,SUBCATEGORYNAME,CATEGORYID) values (241,'Backpack',108);
Insert into JCART_SUBCATEGORY (SUBCATEGORYID,SUBCATEGORYNAME,CATEGORYID) values (242,'Laptop Backpack',108);
Insert into JCART_SUBCATEGORY (SUBCATEGORYID,SUBCATEGORYNAME,CATEGORYID) values (243,'Shoulder Backpack',108);
Insert into JCART_SUBCATEGORY (SUBCATEGORYID,SUBCATEGORYNAME,CATEGORYID) values (244,'Handbag',108);
Insert into JCART_SUBCATEGORY (SUBCATEGORYID,SUBCATEGORYNAME,CATEGORYID) values (245,'Luggage and Travel',108);
Insert into JCART_SUBCATEGORY (SUBCATEGORYID,SUBCATEGORYNAME,CATEGORYID) values (1788,'TrialMobile',105);
Insert into JCART_SUBCATEGORY (SUBCATEGORYID,SUBCATEGORYNAME,CATEGORYID) values (2453,'NewGenComputers',102);
Insert into JCART_SUBCATEGORY (SUBCATEGORYID,SUBCATEGORYNAME,CATEGORYID) values (1679,'TrialComputer',102);
Insert into JCART_SUBCATEGORY (SUBCATEGORYID,SUBCATEGORYNAME,CATEGORYID) values (2161,'TrialBags',108);
commit;

Insert into JCART_PRODUCT (PRODUCTID,SELLERID,PRODUCTTYPE,SUBCATEGORY,CATEGORYID) values (2172,'Rachit_G','U',205,101);
Insert into JCART_PRODUCT (PRODUCTID,SELLERID,PRODUCTTYPE,SUBCATEGORY,CATEGORYID) values (2175,'Rachit_G','U',206,101);
Insert into JCART_PRODUCT (PRODUCTID,SELLERID,PRODUCTTYPE,SUBCATEGORY,CATEGORYID) values (10001,'Sandeep_K','N',230,106);
Insert into JCART_PRODUCT (PRODUCTID,SELLERID,PRODUCTTYPE,SUBCATEGORY,CATEGORYID) values (10002,'Sandeep_K','N',233,106);
Insert into JCART_PRODUCT (PRODUCTID,SELLERID,PRODUCTTYPE,SUBCATEGORY,CATEGORYID) values (10003,'Sandeep_K','N',230,106);
Insert into JCART_PRODUCT (PRODUCTID,SELLERID,PRODUCTTYPE,SUBCATEGORY,CATEGORYID) values (10004,'Aditya_P','N',230,106);
Insert into JCART_PRODUCT (PRODUCTID,SELLERID,PRODUCTTYPE,SUBCATEGORY,CATEGORYID) values (10005,'Aditya_P','N',233,106);
Insert into JCART_PRODUCT (PRODUCTID,SELLERID,PRODUCTTYPE,SUBCATEGORY,CATEGORYID) values (10006,'Sandeep_K','N',230,106);
Insert into JCART_PRODUCT (PRODUCTID,SELLERID,PRODUCTTYPE,SUBCATEGORY,CATEGORYID) values (10007,'Sandeep_K','N',230,106);
Insert into JCART_PRODUCT (PRODUCTID,SELLERID,PRODUCTTYPE,SUBCATEGORY,CATEGORYID) values (10008,'Sandeep_K','N',230,106);
Insert into JCART_PRODUCT (PRODUCTID,SELLERID,PRODUCTTYPE,SUBCATEGORY,CATEGORYID) values (10009,'Aditya_P','N',231,106);
Insert into JCART_PRODUCT (PRODUCTID,SELLERID,PRODUCTTYPE,SUBCATEGORY,CATEGORYID) values (10010,'Aditya_P','N',233,106);
Insert into JCART_PRODUCT (PRODUCTID,SELLERID,PRODUCTTYPE,SUBCATEGORY,CATEGORYID) values (10011,'Aditya_P','N',232,106);
Insert into JCART_PRODUCT (PRODUCTID,SELLERID,PRODUCTTYPE,SUBCATEGORY,CATEGORYID) values (10012,'Sandeep_K','N',234,106);
Insert into JCART_PRODUCT (PRODUCTID,SELLERID,PRODUCTTYPE,SUBCATEGORY,CATEGORYID) values (10013,'Sandeep_K','N',234,106);
Insert into JCART_PRODUCT (PRODUCTID,SELLERID,PRODUCTTYPE,SUBCATEGORY,CATEGORYID) values (10014,'Sandeep_K','N',232,106);
Insert into JCART_PRODUCT (PRODUCTID,SELLERID,PRODUCTTYPE,SUBCATEGORY,CATEGORYID) values (10015,'Aditya_P','N',230,106);
Insert into JCART_PRODUCT (PRODUCTID,SELLERID,PRODUCTTYPE,SUBCATEGORY,CATEGORYID) values (10016,'Aditya_P','N',230,106);
Insert into JCART_PRODUCT (PRODUCTID,SELLERID,PRODUCTTYPE,SUBCATEGORY,CATEGORYID) values (10017,'Sandeep_K','N',230,106);
Insert into JCART_PRODUCT (PRODUCTID,SELLERID,PRODUCTTYPE,SUBCATEGORY,CATEGORYID) values (10018,'Aditya_P','N',230,106);
Insert into JCART_PRODUCT (PRODUCTID,SELLERID,PRODUCTTYPE,SUBCATEGORY,CATEGORYID) values (10019,'Aditya_P','N',231,106);
Insert into JCART_PRODUCT (PRODUCTID,SELLERID,PRODUCTTYPE,SUBCATEGORY,CATEGORYID) values (10020,'Aditya_P','N',231,106);
Insert into JCART_PRODUCT (PRODUCTID,SELLERID,PRODUCTTYPE,SUBCATEGORY,CATEGORYID) values (10021,'Sandeep_K','N',233,106);
Insert into JCART_PRODUCT (PRODUCTID,SELLERID,PRODUCTTYPE,SUBCATEGORY,CATEGORYID) values (10022,'Sandeep_K','N',233,106);
Insert into JCART_PRODUCT (PRODUCTID,SELLERID,PRODUCTTYPE,SUBCATEGORY,CATEGORYID) values (10023,'Sandeep_K','N',232,106);
Insert into JCART_PRODUCT (PRODUCTID,SELLERID,PRODUCTTYPE,SUBCATEGORY,CATEGORYID) values (10024,'Garima_G','N',232,106);
Insert into JCART_PRODUCT (PRODUCTID,SELLERID,PRODUCTTYPE,SUBCATEGORY,CATEGORYID) values (10025,'Garima_G','N',233,106);
Insert into JCART_PRODUCT (PRODUCTID,SELLERID,PRODUCTTYPE,SUBCATEGORY,CATEGORYID) values (10026,'Garima_G','N',234,106);
Insert into JCART_PRODUCT (PRODUCTID,SELLERID,PRODUCTTYPE,SUBCATEGORY,CATEGORYID) values (10027,'Garima_G','N',234,106);
Insert into JCART_PRODUCT (PRODUCTID,SELLERID,PRODUCTTYPE,SUBCATEGORY,CATEGORYID) values (10028,'Aditya_P','N',220,104);
Insert into JCART_PRODUCT (PRODUCTID,SELLERID,PRODUCTTYPE,SUBCATEGORY,CATEGORYID) values (10029,'Swati_K','U',221,104);
Insert into JCART_PRODUCT (PRODUCTID,SELLERID,PRODUCTTYPE,SUBCATEGORY,CATEGORYID) values (10030,'Aditya_P','N',223,104);
Insert into JCART_PRODUCT (PRODUCTID,SELLERID,PRODUCTTYPE,SUBCATEGORY,CATEGORYID) values (10031,'Sandeep_K','N',222,104);
Insert into JCART_PRODUCT (PRODUCTID,SELLERID,PRODUCTTYPE,SUBCATEGORY,CATEGORYID) values (10032,'Aditya_P','N',224,104);
Insert into JCART_PRODUCT (PRODUCTID,SELLERID,PRODUCTTYPE,SUBCATEGORY,CATEGORYID) values (10033,'Suresh_M','U',223,104);
Insert into JCART_PRODUCT (PRODUCTID,SELLERID,PRODUCTTYPE,SUBCATEGORY,CATEGORYID) values (10034,'Garima_G','N',220,104);
Insert into JCART_PRODUCT (PRODUCTID,SELLERID,PRODUCTTYPE,SUBCATEGORY,CATEGORYID) values (10035,'Aditya_P','N',225,105);
Insert into JCART_PRODUCT (PRODUCTID,SELLERID,PRODUCTTYPE,SUBCATEGORY,CATEGORYID) values (10036,'Aditya_P','N',225,105);
Insert into JCART_PRODUCT (PRODUCTID,SELLERID,PRODUCTTYPE,SUBCATEGORY,CATEGORYID) values (10037,'Sandeep_K','N',225,105);
Insert into JCART_PRODUCT (PRODUCTID,SELLERID,PRODUCTTYPE,SUBCATEGORY,CATEGORYID) values (10038,'Aditya_P','N',226,105);
Insert into JCART_PRODUCT (PRODUCTID,SELLERID,PRODUCTTYPE,SUBCATEGORY,CATEGORYID) values (10039,'Aditya_P','N',227,105);
Insert into JCART_PRODUCT (PRODUCTID,SELLERID,PRODUCTTYPE,SUBCATEGORY,CATEGORYID) values (10040,'Aditya_P','N',227,105);
Insert into JCART_PRODUCT (PRODUCTID,SELLERID,PRODUCTTYPE,SUBCATEGORY,CATEGORYID) values (10041,'Aditya_P','N',228,105);
Insert into JCART_PRODUCT (PRODUCTID,SELLERID,PRODUCTTYPE,SUBCATEGORY,CATEGORYID) values (10042,'Raj_P','U',228,105);
Insert into JCART_PRODUCT (PRODUCTID,SELLERID,PRODUCTTYPE,SUBCATEGORY,CATEGORYID) values (10043,'Rachit_G','U',229,105);
Insert into JCART_PRODUCT (PRODUCTID,SELLERID,PRODUCTTYPE,SUBCATEGORY,CATEGORYID) values (10044,'Garima_G','N',242,108);
Insert into JCART_PRODUCT (PRODUCTID,SELLERID,PRODUCTTYPE,SUBCATEGORY,CATEGORYID) values (10045,'Garima_G','N',241,108);
Insert into JCART_PRODUCT (PRODUCTID,SELLERID,PRODUCTTYPE,SUBCATEGORY,CATEGORYID) values (10046,'Garima_G','N',243,108);
Insert into JCART_PRODUCT (PRODUCTID,SELLERID,PRODUCTTYPE,SUBCATEGORY,CATEGORYID) values (10047,'Garima_G','N',244,108);
Insert into JCART_PRODUCT (PRODUCTID,SELLERID,PRODUCTTYPE,SUBCATEGORY,CATEGORYID) values (10048,'Sandeep_K','N',243,108);
Insert into JCART_PRODUCT (PRODUCTID,SELLERID,PRODUCTTYPE,SUBCATEGORY,CATEGORYID) values (10049,'Sandeep_K','N',245,108);
Insert into JCART_PRODUCT (PRODUCTID,SELLERID,PRODUCTTYPE,SUBCATEGORY,CATEGORYID) values (10050,'Aditya_P','N',212,102);
Insert into JCART_PRODUCT (PRODUCTID,SELLERID,PRODUCTTYPE,SUBCATEGORY,CATEGORYID) values (10051,'Rachit_G','U',212,102);
Insert into JCART_PRODUCT (PRODUCTID,SELLERID,PRODUCTTYPE,SUBCATEGORY,CATEGORYID) values (10052,'Aditya_P','N',214,102);
Insert into JCART_PRODUCT (PRODUCTID,SELLERID,PRODUCTTYPE,SUBCATEGORY,CATEGORYID) values (10053,'Sandeep_K','N',213,102);
Insert into JCART_PRODUCT (PRODUCTID,SELLERID,PRODUCTTYPE,SUBCATEGORY,CATEGORYID) values (10054,'Rishav_S','U',215,102);
Insert into JCART_PRODUCT (PRODUCTID,SELLERID,PRODUCTTYPE,SUBCATEGORY,CATEGORYID) values (10055,'Garima_G','N',216,103);
Insert into JCART_PRODUCT (PRODUCTID,SELLERID,PRODUCTTYPE,SUBCATEGORY,CATEGORYID) values (10056,'Rachit_G','U',216,103);
Insert into JCART_PRODUCT (PRODUCTID,SELLERID,PRODUCTTYPE,SUBCATEGORY,CATEGORYID) values (10057,'Sandeep_K','N',217,103);
Insert into JCART_PRODUCT (PRODUCTID,SELLERID,PRODUCTTYPE,SUBCATEGORY,CATEGORYID) values (10058,'Narayanarao_R','U',217,103);
Insert into JCART_PRODUCT (PRODUCTID,SELLERID,PRODUCTTYPE,SUBCATEGORY,CATEGORYID) values (10059,'Aditya_P','N',218,103);
Insert into JCART_PRODUCT (PRODUCTID,SELLERID,PRODUCTTYPE,SUBCATEGORY,CATEGORYID) values (10060,'Sandeep_K','N',219,103);
Insert into JCART_PRODUCT (PRODUCTID,SELLERID,PRODUCTTYPE,SUBCATEGORY,CATEGORYID) values (10061,'Aditya_P','N',209,101);
Insert into JCART_PRODUCT (PRODUCTID,SELLERID,PRODUCTTYPE,SUBCATEGORY,CATEGORYID) values (10062,'Aditya_P','N',209,101);
Insert into JCART_PRODUCT (PRODUCTID,SELLERID,PRODUCTTYPE,SUBCATEGORY,CATEGORYID) values (10063,'Garima_G','N',201,101);
Insert into JCART_PRODUCT (PRODUCTID,SELLERID,PRODUCTTYPE,SUBCATEGORY,CATEGORYID) values (10064,'Garima_G','N',202,101);
Insert into JCART_PRODUCT (PRODUCTID,SELLERID,PRODUCTTYPE,SUBCATEGORY,CATEGORYID) values (10065,'Aditya_P','N',203,101);
Insert into JCART_PRODUCT (PRODUCTID,SELLERID,PRODUCTTYPE,SUBCATEGORY,CATEGORYID) values (10066,'Sandeep_K','N',205,101);
Insert into JCART_PRODUCT (PRODUCTID,SELLERID,PRODUCTTYPE,SUBCATEGORY,CATEGORYID) values (10067,'Sandeep_K','N',206,101);
Insert into JCART_PRODUCT (PRODUCTID,SELLERID,PRODUCTTYPE,SUBCATEGORY,CATEGORYID) values (10068,'Garima_G','N',207,101);
Insert into JCART_PRODUCT (PRODUCTID,SELLERID,PRODUCTTYPE,SUBCATEGORY,CATEGORYID) values (10069,'Aditya_P','N',208,101);
Insert into JCART_PRODUCT (PRODUCTID,SELLERID,PRODUCTTYPE,SUBCATEGORY,CATEGORYID) values (10070,'Aditya_P','N',210,101);
Insert into JCART_PRODUCT (PRODUCTID,SELLERID,PRODUCTTYPE,SUBCATEGORY,CATEGORYID) values (10071,'Garima_G','N',211,101);
Insert into JCART_PRODUCT (PRODUCTID,SELLERID,PRODUCTTYPE,SUBCATEGORY,CATEGORYID) values (10072,'Sandeep_K','N',240,107);
Insert into JCART_PRODUCT (PRODUCTID,SELLERID,PRODUCTTYPE,SUBCATEGORY,CATEGORYID) values (10073,'Sandeep_K','N',240,107);
Insert into JCART_PRODUCT (PRODUCTID,SELLERID,PRODUCTTYPE,SUBCATEGORY,CATEGORYID) values (10074,'Garima_G','N',235,107);
Insert into JCART_PRODUCT (PRODUCTID,SELLERID,PRODUCTTYPE,SUBCATEGORY,CATEGORYID) values (10075,'Garima_G','N',235,107);
Insert into JCART_PRODUCT (PRODUCTID,SELLERID,PRODUCTTYPE,SUBCATEGORY,CATEGORYID) values (10076,'Aditya_P','N',236,107);
Insert into JCART_PRODUCT (PRODUCTID,SELLERID,PRODUCTTYPE,SUBCATEGORY,CATEGORYID) values (10077,'Aditya_P','N',236,107);
Insert into JCART_PRODUCT (PRODUCTID,SELLERID,PRODUCTTYPE,SUBCATEGORY,CATEGORYID) values (10078,'Sandeep_K','N',237,107);
Insert into JCART_PRODUCT (PRODUCTID,SELLERID,PRODUCTTYPE,SUBCATEGORY,CATEGORYID) values (10079,'Sandeep_K','N',239,107);
Insert into JCART_PRODUCT (PRODUCTID,SELLERID,PRODUCTTYPE,SUBCATEGORY,CATEGORYID) values (10080,'Garima_G','N',238,107);
Insert into JCART_PRODUCT (PRODUCTID,SELLERID,PRODUCTTYPE,SUBCATEGORY,CATEGORYID) values (1757,'Aditya_P','N',212,102);
Insert into JCART_PRODUCT (PRODUCTID,SELLERID,PRODUCTTYPE,SUBCATEGORY,CATEGORYID) values (2157,'Rachit_G','U',201,101);
Insert into JCART_PRODUCT (PRODUCTID,SELLERID,PRODUCTTYPE,SUBCATEGORY,CATEGORYID) values (2158,'Rachit_G','U',201,101);
Insert into JCART_PRODUCT (PRODUCTID,SELLERID,PRODUCTTYPE,SUBCATEGORY,CATEGORYID) values (2182,'Rachit_G','U',215,102);
Insert into JCART_PRODUCT (PRODUCTID,SELLERID,PRODUCTTYPE,SUBCATEGORY,CATEGORYID) values (2185,'Rachit_G','U',203,101);
Insert into JCART_PRODUCT (PRODUCTID,SELLERID,PRODUCTTYPE,SUBCATEGORY,CATEGORYID) values (2186,'Rachit_G','U',235,107);
Insert into JCART_PRODUCT (PRODUCTID,SELLERID,PRODUCTTYPE,SUBCATEGORY,CATEGORYID) values (2447,'Aditya_P','N',212,102);
Insert into JCART_PRODUCT (PRODUCTID,SELLERID,PRODUCTTYPE,SUBCATEGORY,CATEGORYID) values (2500,'Narayanarao_R','U',213,102);
Insert into JCART_PRODUCT (PRODUCTID,SELLERID,PRODUCTTYPE,SUBCATEGORY,CATEGORYID) values (2507,'Aditya_P','N',212,102);
Insert into JCART_PRODUCT (PRODUCTID,SELLERID,PRODUCTTYPE,SUBCATEGORY,CATEGORYID) values (2547,'Narayanarao_R','U',212,102);
Insert into JCART_PRODUCT (PRODUCTID,SELLERID,PRODUCTTYPE,SUBCATEGORY,CATEGORYID) values (2553,'Narayanarao_R','U',212,102);
Insert into JCART_PRODUCT (PRODUCTID,SELLERID,PRODUCTTYPE,SUBCATEGORY,CATEGORYID) values (2557,'Narayanarao_R','U',212,102);
Insert into JCART_PRODUCT (PRODUCTID,SELLERID,PRODUCTTYPE,SUBCATEGORY,CATEGORYID) values (1752,'Aditya_P','N',212,102);
Insert into JCART_PRODUCT (PRODUCTID,SELLERID,PRODUCTTYPE,SUBCATEGORY,CATEGORYID) values (2144,'Aditya_P','N',212,102);
Insert into JCART_PRODUCT (PRODUCTID,SELLERID,PRODUCTTYPE,SUBCATEGORY,CATEGORYID) values (2161,'Rachit_G','U',202,101);
Insert into JCART_PRODUCT (PRODUCTID,SELLERID,PRODUCTTYPE,SUBCATEGORY,CATEGORYID) values (2163,'Rachit_G','U',203,101);
Insert into JCART_PRODUCT (PRODUCTID,SELLERID,PRODUCTTYPE,SUBCATEGORY,CATEGORYID) values (2166,'Rachit_G','U',204,101);
Insert into JCART_PRODUCT (PRODUCTID,SELLERID,PRODUCTTYPE,SUBCATEGORY,CATEGORYID) values (2168,'Rachit_G','U',205,101);
Insert into JCART_PRODUCT (PRODUCTID,SELLERID,PRODUCTTYPE,SUBCATEGORY,CATEGORYID) values (2177,'Rachit_G','U',231,106);
Insert into JCART_PRODUCT (PRODUCTID,SELLERID,PRODUCTTYPE,SUBCATEGORY,CATEGORYID) values (2235,'Narayanarao_R','U',202,101);
Insert into JCART_PRODUCT (PRODUCTID,SELLERID,PRODUCTTYPE,SUBCATEGORY,CATEGORYID) values (2550,'Narayanarao_R','U',212,102);
Insert into JCART_PRODUCT (PRODUCTID,SELLERID,PRODUCTTYPE,SUBCATEGORY,CATEGORYID) values (2238,'Narayanarao_R','U',206,101);
commit;

Insert into JCART_BAGS (PRODUCTID,COMPANY,PRODUCTNAME,TYPE,IDEALFOR,MATERIAL,WEIGHT,DESCRIPTION) values (10044,'American Tourister','Leather LapTop Bag','Formal','M','Leather',250,'Suitable for office use. Separate compartments for files,folders and laptop.');
Insert into JCART_BAGS (PRODUCTID,COMPANY,PRODUCTNAME,TYPE,IDEALFOR,MATERIAL,WEIGHT,DESCRIPTION) values (10045,'Nike','Funky back pack.','Casual','F','Polyster',500,'Suitable for Journey.Very compact.');
Insert into JCART_BAGS (PRODUCTID,COMPANY,PRODUCTNAME,TYPE,IDEALFOR,MATERIAL,WEIGHT,DESCRIPTION) values (10046,'Puma','Mens Wallet','Casual','M','Leather',100,'Brown, textured wallet with stitch detailing, metallic Ferrari and Puma "jumping cat" logo in front');
Insert into JCART_BAGS (PRODUCTID,COMPANY,PRODUCTNAME,TYPE,IDEALFOR,MATERIAL,WEIGHT,DESCRIPTION) values (10047,'Accessorize','ACCESSORIZE BEIGE HANDBAG','Ethnic','F','Synthetic',150,'This stylish handbag in a versatile colour complements most outfits. We recommend that you match your bag with your shoes for a stylish finish.');
Insert into JCART_BAGS (PRODUCTID,COMPANY,PRODUCTNAME,TYPE,IDEALFOR,MATERIAL,WEIGHT,DESCRIPTION) values (10048,'PeperOne','Women Wallet','Casual','F','PU',75,'These wallets from Peperone are classy and elegant, and doubles as an oversized accessory as well.');
Insert into JCART_BAGS (PRODUCTID,COMPANY,PRODUCTNAME,TYPE,IDEALFOR,MATERIAL,WEIGHT,DESCRIPTION) values (10049,'SkyBag','Cabin luggage bag','Casual','M','Synthetic',1500,'Compact,Lightweight,Durable travel bag.');
commit;

Insert into JCART_BOOKS (PRODUCTID,PUBLISHER,PRODUCTNAME,AUTHOR,LANGUAGE,PUBLISHEDYEAR,NUMBEROFPAGES,TYPEOFCOVER,DIMENSIONS,DESCRIPTION) values (10061,'Westland','Oath of the Vayuputras','Amish Tripati','English',2013,600,'H','12x9','The Oath of the Vayuputrasis the final book of the Shiva Trilogy');
Insert into JCART_BOOKS (PRODUCTID,PUBLISHER,PRODUCTNAME,AUTHOR,LANGUAGE,PUBLISHEDYEAR,NUMBEROFPAGES,TYPEOFCOVER,DIMENSIONS,DESCRIPTION) values (10062,'Westland','Secret of nagas','Amish Tripati','English',2010,450,'H','12x8','The Secret of nagasis the 2nd book of the Shiva Trilogy');
Insert into JCART_BOOKS (PRODUCTID,PUBLISHER,PRODUCTNAME,AUTHOR,LANGUAGE,PUBLISHEDYEAR,NUMBEROFPAGES,TYPEOFCOVER,DIMENSIONS,DESCRIPTION) values (10063,'Pearson','Tigers for Dinner','Ruskin Bond','English',2010,120,'S','15x9','Beautifully illustrated and richly imagined');
Insert into JCART_BOOKS (PRODUCTID,PUBLISHER,PRODUCTNAME,AUTHOR,LANGUAGE,PUBLISHEDYEAR,NUMBEROFPAGES,TYPEOFCOVER,DIMENSIONS,DESCRIPTION) values (10064,'Pengiun','Physics class-12','K.L. Gomber,K.L. Gogia','English',2013,200,'H','10x7','Specifications of Fundamental Physics with Value Based Questions for Class - 12');
Insert into JCART_BOOKS (PRODUCTID,PUBLISHER,PRODUCTNAME,AUTHOR,LANGUAGE,PUBLISHEDYEAR,NUMBEROFPAGES,TYPEOFCOVER,DIMENSIONS,DESCRIPTION) values (10065,'Tata MC graw hill','Theory of Machines','S.S Ratan','English',2013,250,'S','15x9','Meant for the two-semester course on Kinematics and Dynamics of Machinery');
Insert into JCART_BOOKS (PRODUCTID,PUBLISHER,PRODUCTNAME,AUTHOR,LANGUAGE,PUBLISHEDYEAR,NUMBEROFPAGES,TYPEOFCOVER,DIMENSIONS,DESCRIPTION) values (10066,'Outlook','India Guide','Outlook Group','English',2009,150,'S','15x9','The most Comprehensive guide to India');
Insert into JCART_BOOKS (PRODUCTID,PUBLISHER,PRODUCTNAME,AUTHOR,LANGUAGE,PUBLISHEDYEAR,NUMBEROFPAGES,TYPEOFCOVER,DIMENSIONS,DESCRIPTION) values (10067,'Rupa','Khaiye Aur Vajan Ghataiye','Rujuta Diwakar','Hindi',2008,150,'H','10x8','A self-help book about achieving weight loss in a healthy manner');
Insert into JCART_BOOKS (PRODUCTID,PUBLISHER,PRODUCTNAME,AUTHOR,LANGUAGE,PUBLISHEDYEAR,NUMBEROFPAGES,TYPEOFCOVER,DIMENSIONS,DESCRIPTION) values (10068,'Lakshmi','Raja kapilan','Murugan','Tamil',2001,150,'S','10x8','Entertaining and illustrative Comic book');
Insert into JCART_BOOKS (PRODUCTID,PUBLISHER,PRODUCTNAME,AUTHOR,LANGUAGE,PUBLISHEDYEAR,NUMBEROFPAGES,TYPEOFCOVER,DIMENSIONS,DESCRIPTION) values (10069,'Oxford','MasterChef India: Cookbook','Pankaj Bhadouria','English',2012,164,'H','10x8','In this book, the MasterChef India 2010 winner, Pankaj Bhadouria, shares her wealth of knowledge on cooking.');
Insert into JCART_BOOKS (PRODUCTID,PUBLISHER,PRODUCTNAME,AUTHOR,LANGUAGE,PUBLISHEDYEAR,NUMBEROFPAGES,TYPEOFCOVER,DIMENSIONS,DESCRIPTION) values (10070,'Nava Karnataka','Lokayata','Debiprasad Chattopadhyaya','Kannada',2011,420,'S','10x7','A good book to read');
Insert into JCART_BOOKS (PRODUCTID,PUBLISHER,PRODUCTNAME,AUTHOR,LANGUAGE,PUBLISHEDYEAR,NUMBEROFPAGES,TYPEOFCOVER,DIMENSIONS,DESCRIPTION) values (10071,'Dreamland','Talking Cricket','ESPN cricInfo','English',2005,230,'H','15x9','Talking Cricket is about cricket conversations. This book brings together the best long-form interviews.');
commit;

Insert into JCART_BROWSINGHISTORY (USERID,LASTBROWSED,PRODUCTID) values ('Swati_K',to_timestamp('13-MAY-15 07.24.15.000000000 AM','DD-MON-RR HH.MI.SS.FF AM'),10001);
Insert into JCART_BROWSINGHISTORY (USERID,LASTBROWSED,PRODUCTID) values ('Rashmi_S',to_timestamp('11-APR-15 06.24.20.000000000 PM','DD-MON-RR HH.MI.SS.FF AM'),10002);
Insert into JCART_BROWSINGHISTORY (USERID,LASTBROWSED,PRODUCTID) values ('Suresh_M',to_timestamp('01-APR-15 09.30.15.000000000 AM','DD-MON-RR HH.MI.SS.FF AM'),10003);
Insert into JCART_BROWSINGHISTORY (USERID,LASTBROWSED,PRODUCTID) values ('Narayanarao_R',to_timestamp('26-MAR-13 04.05.45.000000000 PM','DD-MON-RR HH.MI.SS.FF AM'),10004);
Insert into JCART_BROWSINGHISTORY (USERID,LASTBROWSED,PRODUCTID) values ('Manoj_B',to_timestamp('02-MAY-13 02.15.25.000000000 PM','DD-MON-RR HH.MI.SS.FF AM'),10005);
Insert into JCART_BROWSINGHISTORY (USERID,LASTBROWSED,PRODUCTID) values ('Umesha_S',to_timestamp('02-MAR-13 04.45.37.000000000 AM','DD-MON-RR HH.MI.SS.FF AM'),10006);
Insert into JCART_BROWSINGHISTORY (USERID,LASTBROWSED,PRODUCTID) values ('Rishav_S',to_timestamp('03-MAR-13 10.15.20.000000000 AM','DD-MON-RR HH.MI.SS.FF AM'),10007);
Insert into JCART_BROWSINGHISTORY (USERID,LASTBROWSED,PRODUCTID) values ('Raj_P',to_timestamp('21-MAR-15 12.24.45.000000000 PM','DD-MON-RR HH.MI.SS.FF AM'),10008);
Insert into JCART_BROWSINGHISTORY (USERID,LASTBROWSED,PRODUCTID) values ('Rachit_G',to_timestamp('01-APR-13 03.45.07.000000000 AM','DD-MON-RR HH.MI.SS.FF AM'),10009);
Insert into JCART_BROWSINGHISTORY (USERID,LASTBROWSED,PRODUCTID) values ('Swati_K',to_timestamp('06-MAY-13 09.30.23.000000000 PM','DD-MON-RR HH.MI.SS.FF AM'),10010);
Insert into JCART_BROWSINGHISTORY (USERID,LASTBROWSED,PRODUCTID) values ('Rashmi_S',to_timestamp('03-MAY-20 12.01.24.030000000 PM','DD-MON-RR HH.MI.SS.FF AM'),10011);
Insert into JCART_BROWSINGHISTORY (USERID,LASTBROWSED,PRODUCTID) values ('Suresh_M',to_timestamp('26-FEB-13 06.24.14.000000000 AM','DD-MON-RR HH.MI.SS.FF AM'),10012);
Insert into JCART_BROWSINGHISTORY (USERID,LASTBROWSED,PRODUCTID) values ('Narayanarao_R',to_timestamp('01-MAY-13 07.24.15.000000000 AM','DD-MON-RR HH.MI.SS.FF AM'),10013);
Insert into JCART_BROWSINGHISTORY (USERID,LASTBROWSED,PRODUCTID) values ('Manoj_B',to_timestamp('13-MAY-13 06.24.20.000000000 PM','DD-MON-RR HH.MI.SS.FF AM'),10014);
Insert into JCART_BROWSINGHISTORY (USERID,LASTBROWSED,PRODUCTID) values ('Umesha_S',to_timestamp('21-APR-13 09.30.15.000000000 AM','DD-MON-RR HH.MI.SS.FF AM'),10015);
Insert into JCART_BROWSINGHISTORY (USERID,LASTBROWSED,PRODUCTID) values ('Rishav_S',to_timestamp('02-FEB-13 04.05.45.000000000 PM','DD-MON-RR HH.MI.SS.FF AM'),10016);
Insert into JCART_BROWSINGHISTORY (USERID,LASTBROWSED,PRODUCTID) values ('Raj_P',to_timestamp('05-MAY-13 02.15.25.000000000 PM','DD-MON-RR HH.MI.SS.FF AM'),10017);
Insert into JCART_BROWSINGHISTORY (USERID,LASTBROWSED,PRODUCTID) values ('Rachit_G',to_timestamp('08-APR-13 04.45.37.000000000 AM','DD-MON-RR HH.MI.SS.FF AM'),10018);
Insert into JCART_BROWSINGHISTORY (USERID,LASTBROWSED,PRODUCTID) values ('Swati_K',to_timestamp('03-MAY-13 10.15.20.000000000 AM','DD-MON-RR HH.MI.SS.FF AM'),10019);
Insert into JCART_BROWSINGHISTORY (USERID,LASTBROWSED,PRODUCTID) values ('Rashmi_S',to_timestamp('05-MAY-13 12.24.45.000000000 PM','DD-MON-RR HH.MI.SS.FF AM'),10020);
Insert into JCART_BROWSINGHISTORY (USERID,LASTBROWSED,PRODUCTID) values ('Suresh_M',to_timestamp('09-MAY-15 03.45.07.000000000 AM','DD-MON-RR HH.MI.SS.FF AM'),10021);
Insert into JCART_BROWSINGHISTORY (USERID,LASTBROWSED,PRODUCTID) values ('Narayanarao_R',to_timestamp('03-MAY-13 09.30.23.000000000 PM','DD-MON-RR HH.MI.SS.FF AM'),10022);
Insert into JCART_BROWSINGHISTORY (USERID,LASTBROWSED,PRODUCTID) values ('Manoj_B',to_timestamp('02-FEB-20 12.01.24.030000000 PM','DD-MON-RR HH.MI.SS.FF AM'),10023);
Insert into JCART_BROWSINGHISTORY (USERID,LASTBROWSED,PRODUCTID) values ('Umesha_S',to_timestamp('08-FEB-13 06.24.14.000000000 AM','DD-MON-RR HH.MI.SS.FF AM'),10024);
Insert into JCART_BROWSINGHISTORY (USERID,LASTBROWSED,PRODUCTID) values ('Rishav_S',to_timestamp('08-JAN-13 02.24.12.000000000 AM','DD-MON-RR HH.MI.SS.FF AM'),10025);
Insert into JCART_BROWSINGHISTORY (USERID,LASTBROWSED,PRODUCTID) values ('Raj_P',to_timestamp('08-JUN-13 08.24.14.000000000 AM','DD-MON-RR HH.MI.SS.FF AM'),10026);
Insert into JCART_BROWSINGHISTORY (USERID,LASTBROWSED,PRODUCTID) values ('Rachit_G',to_timestamp('08-APR-13 11.24.14.000000000 PM','DD-MON-RR HH.MI.SS.FF AM'),10027);
Insert into JCART_BROWSINGHISTORY (USERID,LASTBROWSED,PRODUCTID) values ('Swati_K',to_timestamp('21-MAR-13 02.24.14.000000000 AM','DD-MON-RR HH.MI.SS.FF AM'),10028);
Insert into JCART_BROWSINGHISTORY (USERID,LASTBROWSED,PRODUCTID) values ('Rashmi_S',to_timestamp('13-MAY-14 02.24.14.000000000 PM','DD-MON-RR HH.MI.SS.FF AM'),10031);
Insert into JCART_BROWSINGHISTORY (USERID,LASTBROWSED,PRODUCTID) values ('Suresh_M',to_timestamp('03-MAY-13 10.30.23.000000000 AM','DD-MON-RR HH.MI.SS.FF AM'),10032);
Insert into JCART_BROWSINGHISTORY (USERID,LASTBROWSED,PRODUCTID) values ('Narayanarao_R',to_timestamp('05-MAY-13 01.24.45.000000000 PM','DD-MON-RR HH.MI.SS.FF AM'),10034);
Insert into JCART_BROWSINGHISTORY (USERID,LASTBROWSED,PRODUCTID) values ('Manoj_B',to_timestamp('19-MAY-14 10.42.55.000000000 PM','DD-MON-RR HH.MI.SS.FF AM'),10035);
Insert into JCART_BROWSINGHISTORY (USERID,LASTBROWSED,PRODUCTID) values ('Umesha_S',to_timestamp('23-MAY-13 01.20.40.000000000 AM','DD-MON-RR HH.MI.SS.FF AM'),10036);
Insert into JCART_BROWSINGHISTORY (USERID,LASTBROWSED,PRODUCTID) values ('Rishav_S',to_timestamp('20-MAY-13 01.20.40.000000000 AM','DD-MON-RR HH.MI.SS.FF AM'),10037);
Insert into JCART_BROWSINGHISTORY (USERID,LASTBROWSED,PRODUCTID) values ('Raj_P',to_timestamp('07-MAY-13 05.24.40.000000000 PM','DD-MON-RR HH.MI.SS.FF AM'),10038);
Insert into JCART_BROWSINGHISTORY (USERID,LASTBROWSED,PRODUCTID) values ('Rachit_G',to_timestamp('27-MAR-13 05.40.40.000000000 AM','DD-MON-RR HH.MI.SS.FF AM'),10039);
Insert into JCART_BROWSINGHISTORY (USERID,LASTBROWSED,PRODUCTID) values ('Rachit_G',to_timestamp('17-APR-13 05.10.40.000000000 PM','DD-MON-RR HH.MI.SS.FF AM'),10040);
Insert into JCART_BROWSINGHISTORY (USERID,LASTBROWSED,PRODUCTID) values ('Swati_K',to_timestamp('14-MAY-13 07.24.15.000000000 AM','DD-MON-RR HH.MI.SS.FF AM'),10001);
Insert into JCART_BROWSINGHISTORY (USERID,LASTBROWSED,PRODUCTID) values ('Rashmi_S',to_timestamp('12-APR-13 06.24.20.000000000 PM','DD-MON-RR HH.MI.SS.FF AM'),10002);
Insert into JCART_BROWSINGHISTORY (USERID,LASTBROWSED,PRODUCTID) values ('Suresh_M',to_timestamp('02-APR-13 09.30.15.000000000 AM','DD-MON-RR HH.MI.SS.FF AM'),10003);
Insert into JCART_BROWSINGHISTORY (USERID,LASTBROWSED,PRODUCTID) values ('Narayanarao_R',to_timestamp('27-MAR-13 04.05.45.000000000 PM','DD-MON-RR HH.MI.SS.FF AM'),10004);
Insert into JCART_BROWSINGHISTORY (USERID,LASTBROWSED,PRODUCTID) values ('Manoj_B',to_timestamp('03-MAY-13 02.15.25.000000000 PM','DD-MON-RR HH.MI.SS.FF AM'),10005);
Insert into JCART_BROWSINGHISTORY (USERID,LASTBROWSED,PRODUCTID) values ('Umesha_S',to_timestamp('03-MAR-13 04.45.37.000000000 AM','DD-MON-RR HH.MI.SS.FF AM'),10006);
Insert into JCART_BROWSINGHISTORY (USERID,LASTBROWSED,PRODUCTID) values ('Rishav_S',to_timestamp('04-MAR-13 10.15.20.000000000 AM','DD-MON-RR HH.MI.SS.FF AM'),10007);
Insert into JCART_BROWSINGHISTORY (USERID,LASTBROWSED,PRODUCTID) values ('Raj_P',to_timestamp('22-MAR-13 12.24.45.000000000 PM','DD-MON-RR HH.MI.SS.FF AM'),10008);
Insert into JCART_BROWSINGHISTORY (USERID,LASTBROWSED,PRODUCTID) values ('Rachit_G',to_timestamp('02-APR-13 03.45.07.000000000 AM','DD-MON-RR HH.MI.SS.FF AM'),10009);
Insert into JCART_BROWSINGHISTORY (USERID,LASTBROWSED,PRODUCTID) values ('Swati_K',to_timestamp('07-MAY-13 09.30.23.000000000 PM','DD-MON-RR HH.MI.SS.FF AM'),10010);
Insert into JCART_BROWSINGHISTORY (USERID,LASTBROWSED,PRODUCTID) values ('Rashmi_S',to_timestamp('08-MAY-20 12.01.24.030000000 PM','DD-MON-RR HH.MI.SS.FF AM'),10011);
Insert into JCART_BROWSINGHISTORY (USERID,LASTBROWSED,PRODUCTID) values ('Suresh_M',to_timestamp('27-FEB-13 06.24.14.000000000 AM','DD-MON-RR HH.MI.SS.FF AM'),10012);
Insert into JCART_BROWSINGHISTORY (USERID,LASTBROWSED,PRODUCTID) values ('Narayanarao_R',to_timestamp('02-MAY-13 07.24.15.000000000 AM','DD-MON-RR HH.MI.SS.FF AM'),10013);
Insert into JCART_BROWSINGHISTORY (USERID,LASTBROWSED,PRODUCTID) values ('Manoj_B',to_timestamp('14-MAY-13 06.24.20.000000000 PM','DD-MON-RR HH.MI.SS.FF AM'),10014);
Insert into JCART_BROWSINGHISTORY (USERID,LASTBROWSED,PRODUCTID) values ('Umesha_S',to_timestamp('22-APR-13 09.30.15.000000000 AM','DD-MON-RR HH.MI.SS.FF AM'),10015);
Insert into JCART_BROWSINGHISTORY (USERID,LASTBROWSED,PRODUCTID) values ('Rishav_S',to_timestamp('03-FEB-13 04.05.45.000000000 PM','DD-MON-RR HH.MI.SS.FF AM'),10016);
Insert into JCART_BROWSINGHISTORY (USERID,LASTBROWSED,PRODUCTID) values ('Raj_P',to_timestamp('06-MAY-13 02.15.25.000000000 PM','DD-MON-RR HH.MI.SS.FF AM'),10017);
Insert into JCART_BROWSINGHISTORY (USERID,LASTBROWSED,PRODUCTID) values ('Rachit_G',to_timestamp('09-APR-13 04.45.37.000000000 AM','DD-MON-RR HH.MI.SS.FF AM'),10018);
Insert into JCART_BROWSINGHISTORY (USERID,LASTBROWSED,PRODUCTID) values ('Swati_K',to_timestamp('04-MAY-13 10.15.20.000000000 AM','DD-MON-RR HH.MI.SS.FF AM'),10019);
Insert into JCART_BROWSINGHISTORY (USERID,LASTBROWSED,PRODUCTID) values ('Rashmi_S',to_timestamp('06-MAY-13 12.24.45.000000000 PM','DD-MON-RR HH.MI.SS.FF AM'),10020);
Insert into JCART_BROWSINGHISTORY (USERID,LASTBROWSED,PRODUCTID) values ('Suresh_M',to_timestamp('10-MAY-13 03.45.07.000000000 AM','DD-MON-RR HH.MI.SS.FF AM'),10021);
Insert into JCART_BROWSINGHISTORY (USERID,LASTBROWSED,PRODUCTID) values ('Narayanarao_R',to_timestamp('11-MAY-13 09.30.23.000000000 PM','DD-MON-RR HH.MI.SS.FF AM'),10022);
Insert into JCART_BROWSINGHISTORY (USERID,LASTBROWSED,PRODUCTID) values ('Manoj_B',to_timestamp('03-FEB-20 12.01.24.030000000 PM','DD-MON-RR HH.MI.SS.FF AM'),10023);
Insert into JCART_BROWSINGHISTORY (USERID,LASTBROWSED,PRODUCTID) values ('Umesha_S',to_timestamp('09-FEB-13 06.24.14.000000000 AM','DD-MON-RR HH.MI.SS.FF AM'),10024);
Insert into JCART_BROWSINGHISTORY (USERID,LASTBROWSED,PRODUCTID) values ('Rishav_S',to_timestamp('09-JAN-13 02.24.12.000000000 AM','DD-MON-RR HH.MI.SS.FF AM'),10025);
Insert into JCART_BROWSINGHISTORY (USERID,LASTBROWSED,PRODUCTID) values ('Raj_P',to_timestamp('09-JUN-13 08.24.14.000000000 AM','DD-MON-RR HH.MI.SS.FF AM'),10026);
Insert into JCART_BROWSINGHISTORY (USERID,LASTBROWSED,PRODUCTID) values ('Rachit_G',to_timestamp('11-APR-13 11.24.14.000000000 PM','DD-MON-RR HH.MI.SS.FF AM'),10027);
Insert into JCART_BROWSINGHISTORY (USERID,LASTBROWSED,PRODUCTID) values ('Swati_K',to_timestamp('22-MAR-13 02.24.14.000000000 AM','DD-MON-RR HH.MI.SS.FF AM'),10028);
Insert into JCART_BROWSINGHISTORY (USERID,LASTBROWSED,PRODUCTID) values ('Rashmi_S',to_timestamp('14-MAY-13 02.24.14.000000000 PM','DD-MON-RR HH.MI.SS.FF AM'),10031);
Insert into JCART_BROWSINGHISTORY (USERID,LASTBROWSED,PRODUCTID) values ('Suresh_M',to_timestamp('04-MAY-13 10.30.23.000000000 AM','DD-MON-RR HH.MI.SS.FF AM'),10032);
Insert into JCART_BROWSINGHISTORY (USERID,LASTBROWSED,PRODUCTID) values ('Narayanarao_R',to_timestamp('06-MAY-13 01.24.45.000000000 PM','DD-MON-RR HH.MI.SS.FF AM'),10034);
Insert into JCART_BROWSINGHISTORY (USERID,LASTBROWSED,PRODUCTID) values ('Manoj_B',to_timestamp('20-MAY-13 10.42.55.000000000 PM','DD-MON-RR HH.MI.SS.FF AM'),10035);
Insert into JCART_BROWSINGHISTORY (USERID,LASTBROWSED,PRODUCTID) values ('Umesha_S',to_timestamp('24-MAY-13 01.20.40.000000000 AM','DD-MON-RR HH.MI.SS.FF AM'),10036);
Insert into JCART_BROWSINGHISTORY (USERID,LASTBROWSED,PRODUCTID) values ('Rishav_S',to_timestamp('21-MAY-13 01.20.40.000000000 AM','DD-MON-RR HH.MI.SS.FF AM'),10037);
Insert into JCART_BROWSINGHISTORY (USERID,LASTBROWSED,PRODUCTID) values ('Raj_P',to_timestamp('08-MAY-13 05.24.40.000000000 PM','DD-MON-RR HH.MI.SS.FF AM'),10038);
Insert into JCART_BROWSINGHISTORY (USERID,LASTBROWSED,PRODUCTID) values ('Rachit_G',to_timestamp('28-MAR-13 05.40.40.000000000 AM','DD-MON-RR HH.MI.SS.FF AM'),10039);
Insert into JCART_BROWSINGHISTORY (USERID,LASTBROWSED,PRODUCTID) values ('Rachit_G',to_timestamp('18-APR-13 05.10.40.000000000 PM','DD-MON-RR HH.MI.SS.FF AM'),10040);
commit;

Insert into JCART_CAMERA (PRODUCTID,COMPANY,PRODUCTNAME,OPTICALZOOM,DIGITALZOOM,PIXELS,FOCALLENGTH,MEMORY,BATTERY,SHUTTERSPEED,DESCRIPTION) values (10055,'Nikon','Nikon DSLR camera',10,25,24,10,'12',5,'30-1/4000 Sec','This is an amazing camera with great features and functions');
Insert into JCART_CAMERA (PRODUCTID,COMPANY,PRODUCTNAME,OPTICALZOOM,DIGITALZOOM,PIXELS,FOCALLENGTH,MEMORY,BATTERY,SHUTTERSPEED,DESCRIPTION) values (10056,'Cannon','Cannon DSLR camera',8,25,18,15,'12',5,'30-1/4000 Sec','got it 1 year ago.In very good condition');
Insert into JCART_CAMERA (PRODUCTID,COMPANY,PRODUCTNAME,OPTICALZOOM,DIGITALZOOM,PIXELS,FOCALLENGTH,MEMORY,BATTERY,SHUTTERSPEED,DESCRIPTION) values (10057,'Nikon','Nikon Point n Shoot',5,20,16,16,'28',8,'1/2000 Sec','This is an amazing camera with great features and functions');
Insert into JCART_CAMERA (PRODUCTID,COMPANY,PRODUCTNAME,OPTICALZOOM,DIGITALZOOM,PIXELS,FOCALLENGTH,MEMORY,BATTERY,SHUTTERSPEED,DESCRIPTION) values (10058,'Cannon','Cannon Point n Shoot',6,20,18,15,'28',8,'1/2000 Sec','got it 1 year ago.In very good condition');
Insert into JCART_CAMERA (PRODUCTID,COMPANY,PRODUCTNAME,OPTICALZOOM,DIGITALZOOM,PIXELS,FOCALLENGTH,MEMORY,BATTERY,SHUTTERSPEED,DESCRIPTION) values (10059,'Sony','Sony Advanced point n shoot',21,42,16,23,'12',8,'sp1/1500 Sec','Smile detection mode make easy to take the photos of childrens');
Insert into JCART_CAMERA (PRODUCTID,COMPANY,PRODUCTNAME,OPTICALZOOM,DIGITALZOOM,PIXELS,FOCALLENGTH,MEMORY,BATTERY,SHUTTERSPEED,DESCRIPTION) values (10060,'Panasonic','Panasonic-V100-Camcorder',34,90,5,20,'10',5,'1/8000 Sec','Its a great camcorder. In-spite of being only 180 gms , it feels solid.');
commit;

Insert into JCART_CLOTHING (PRODUCTID,COMPANY,PRODUCTNAME,IDEALFOR,DESCRIPTION,FABRIC) values (10001,'Indian Terrain','T-shirt','M',' The stripes in orange, blue and white pep up your style quotient and the cotton fabric keeps your spirits up with amazing comfort.','Cotton');
Insert into JCART_CLOTHING (PRODUCTID,COMPANY,PRODUCTNAME,IDEALFOR,DESCRIPTION,FABRIC) values (10002,'Van Heusen','Shirt','M','Achieving an elegant formal look effortlessly is made possible with this striped formal mens shirt by Van Heusen. Crafted from 100 per cent cotton, this classic fit shirt has light grey stripes. ','100% Cotton');
Insert into JCART_CLOTHING (PRODUCTID,COMPANY,PRODUCTNAME,IDEALFOR,DESCRIPTION,FABRIC) values (10003,'Calvin Klein','Jeans','M','With flawless cuts, Calvin Klein Jeans brings these solid blue jeans that suit the attitude of the trend savvy men. Crafted from a blend of cotton and elastane, these jeans give you comfort and a laidback feel. ','Cotton Elastane');
Insert into JCART_CLOTHING (PRODUCTID,COMPANY,PRODUCTNAME,IDEALFOR,DESCRIPTION,FABRIC) values (10004,'Van Heusen','T-shirt','M','Type: Polo, Regular Fit,Embroidery on Chest, Ribbed Cuffs, Half Sleeve, Ribbed Tennis Collar','100% Cotton');
Insert into JCART_CLOTHING (PRODUCTID,COMPANY,PRODUCTNAME,IDEALFOR,DESCRIPTION,FABRIC) values (10005,'Allen Solly','Shirt','M','Tailored for a regular fit, this full-sleeved shirt with french cuffs has a pointed pocket, mitered yoke and ingrained checks giving you a formal look that is sophisticated and stylish.','100% Cotton');
Insert into JCART_CLOTHING (PRODUCTID,COMPANY,PRODUCTNAME,IDEALFOR,DESCRIPTION,FABRIC) values (10006,'Calvin Klein','Jeans','M','Sport a trendy look this weekend by wearing these solid black jeans from the house of Calvin Klein Jeans. This trendy pair of jeans comes in a regular slim fit and has a washed effect.','2% Elastane, 98% Cotton');
Insert into JCART_CLOTHING (PRODUCTID,COMPANY,PRODUCTNAME,IDEALFOR,DESCRIPTION,FABRIC) values (10007,'Indian Terrain','T-shirt','M','Blue pique polo T-shirt, has a ribbed collar, short sleeves with ribbed cuffs, half button placket on front, badge with branding at left chest, longer back hem, and side slits','Cotton');
Insert into JCART_CLOTHING (PRODUCTID,COMPANY,PRODUCTNAME,IDEALFOR,DESCRIPTION,FABRIC) values (10008,'Allen Solly','Shirt','M','White shirt with yellow and navy stripes, has a spread collar, long sleeves with buttoned cuffs, yoke at back, full buttoned placket, a patch pocket on the left chest, brand logo embroidered on the pocket and a curved hem','Cotton');
Insert into JCART_CLOTHING (PRODUCTID,COMPANY,PRODUCTNAME,IDEALFOR,DESCRIPTION,FABRIC) values (10009,'Pepe','Jeans','M','Blue jeans with wash detail and light distressing, waistband with belt loops.','100% Cotton');
Insert into JCART_CLOTHING (PRODUCTID,COMPANY,PRODUCTNAME,IDEALFOR,DESCRIPTION,FABRIC) values (10010,'Van Heusen','Trouser','M','Beige trousers with a waistband with belt loops.','Cotton');
Insert into JCART_CLOTHING (PRODUCTID,COMPANY,PRODUCTNAME,IDEALFOR,DESCRIPTION,FABRIC) values (10011,'Addidas','T-shirt',null,'Fit Brand Fit
Design Logo Embroidery on Chest
Style Slit on Sides
Sleeve Half Sleeve
Collar Ribbed Collar','Cotton Lycra Blend');
Insert into JCART_CLOTHING (PRODUCTID,COMPANY,PRODUCTNAME,IDEALFOR,DESCRIPTION,FABRIC) values (10012,'Fab India','Kurta','M','Brown kurta, made of tassar and cotton mix with chinkankari detail,has a mandarin collar with a half button placket, long sleeves and a vented hem with slits','tassar and cotton ');
Insert into JCART_CLOTHING (PRODUCTID,COMPANY,PRODUCTNAME,IDEALFOR,DESCRIPTION,FABRIC) values (10013,'Fab India','Kurta','M','Teal blue and beige hand block printed kurta, has a mandarin collar, long sleeves, short button placket on front, patch pocket at left chest, insert pocket at sides, and side slits','tassar and cotton ');
Insert into JCART_CLOTHING (PRODUCTID,COMPANY,PRODUCTNAME,IDEALFOR,DESCRIPTION,FABRIC) values (10014,'Adidas','Shorts','M','shorts are the coolest bottoms to wear in the current season - and perhaps the most versatile too. Slip into this pair when on a long journey, a casual day at home or at the gym. Pair them with sports shoes or flip flops to suit the occasion.','100% polyester');
Insert into JCART_CLOTHING (PRODUCTID,COMPANY,PRODUCTNAME,IDEALFOR,DESCRIPTION,FABRIC) values (10015,'And','Top','F','Off white and black tribal print top with florescent green top attached underneath, knit, has a round neck , sleeveless, trapeze shaped printed top layer has dropped armhole and straight fit inner layer has a straight raw edge hem','95% rayon and 5% elastane');
Insert into JCART_CLOTHING (PRODUCTID,COMPANY,PRODUCTNAME,IDEALFOR,DESCRIPTION,FABRIC) values (10016,'And','Top','F','Green top, round neck with mock buttoned placket, sleeveless, lace yoke in front and back.','Rayon');
Insert into JCART_CLOTHING (PRODUCTID,COMPANY,PRODUCTNAME,IDEALFOR,DESCRIPTION,FABRIC) values (10017,'Calvin Klein','Jeans','F','WHITE REGULAR RISE SKINNY FIT JEANS','99% cotton 1% elastane');
Insert into JCART_CLOTHING (PRODUCTID,COMPANY,PRODUCTNAME,IDEALFOR,DESCRIPTION,FABRIC) values (10018,'United Colors Of Benetton','Shrug','F','Blue shrug, has long sleeves, and woven georgette back with elasticated waist','100% polyester');
Insert into JCART_CLOTHING (PRODUCTID,COMPANY,PRODUCTNAME,IDEALFOR,DESCRIPTION,FABRIC) values (10019,'The Vanca','Dress','F','Red dress with a round neck, long lacey sleeves with silver thread details, net fabric with sequined embellishments all over and inner lining, deep round neck at the back','Blended');
Insert into JCART_CLOTHING (PRODUCTID,COMPANY,PRODUCTNAME,IDEALFOR,DESCRIPTION,FABRIC) values (10020,'The Vanca','Dress','F','Black knit sequinned peplum dress, has a v neck, adjustable shoulder straps, and waist seam with layered sequinned peplum style frill attached','Blended');
Insert into JCART_CLOTHING (PRODUCTID,COMPANY,PRODUCTNAME,IDEALFOR,DESCRIPTION,FABRIC) values (10021,'Van Heusen','Trouser','F','BEIGE JOEY REGULAR FIT TROUSERS','100% Cotton');
Insert into JCART_CLOTHING (PRODUCTID,COMPANY,PRODUCTNAME,IDEALFOR,DESCRIPTION,FABRIC) values (10022,'Van Heusen','Trouser','F','Grey, formal trousers with stripes,','100% Cotton');
Insert into JCART_CLOTHING (PRODUCTID,COMPANY,PRODUCTNAME,IDEALFOR,DESCRIPTION,FABRIC) values (10023,'Puma','Trackpants','F','Sport a dynamic personality and add a dash of elegance to your dressing by donning these well tailored track pants from Puma that come to you in the best of contemporary style. ','100% Cotton');
Insert into JCART_CLOTHING (PRODUCTID,COMPANY,PRODUCTNAME,IDEALFOR,DESCRIPTION,FABRIC) values (10024,'Puma','Trackpants','F','Enjoy your morning jog and feel fresh by wearing these track pants with a trendy T-shirt and comfortable shoes. Tie up your hair and get that sporty look.','100% Cotton');
Insert into JCART_CLOTHING (PRODUCTID,COMPANY,PRODUCTNAME,IDEALFOR,DESCRIPTION,FABRIC) values (10025,'Van Heusen','Shirt','F','Striped Formal Shirt','100% Cotton');
Insert into JCART_CLOTHING (PRODUCTID,COMPANY,PRODUCTNAME,IDEALFOR,DESCRIPTION,FABRIC) values (10026,'Satya Paul','Saree','F','An abstract screen print saree with a dramatic pallu, comes with a matching crepe-de-chine blouse.A saree with a play of small circles, each filled with different kind of flowers to create a dramatic pallu, comes with a matching crepe-de-chine blouse. ','Georgette');
Insert into JCART_CLOTHING (PRODUCTID,COMPANY,PRODUCTNAME,IDEALFOR,DESCRIPTION,FABRIC) values (10027,'Satya Paul','Anarkali','F',' The embroidery in zardozi on the bust line and arms exudes magic and luxury. The dupatta and hemline are well-furnished with gota patti, and the wrists look jeweled with golden lining at a rhythm.','Net');
commit;

Insert into JCART_COMPUTERS (PRODUCTID,COMPANY,PRODUCTNAME,PROCESSORNAME,PROCESSORSPEED,RAM,HARDDISKSIZE,GRAPHICCARD,SCREENSIZE,BATTERYBACKUP,BATTERYCELLS,DESCRIPTION) values (10050,'Toshiba','Toshiba laptop','APU Dual Core',1.2,3,400,'ATI Radeon HD 7310M ',15,3,6,'Verygood entry level laptop');
Insert into JCART_COMPUTERS (PRODUCTID,COMPANY,PRODUCTNAME,PROCESSORNAME,PROCESSORSPEED,RAM,HARDDISKSIZE,GRAPHICCARD,SCREENSIZE,BATTERYBACKUP,BATTERYCELLS,DESCRIPTION) values (10051,'Acer ','Acer Laptop','Pentium Dual Core',3,4,500,'Intel HD Graphics',16,3,6,'Brought this product I year Ago. In very good condition');
Insert into JCART_COMPUTERS (PRODUCTID,COMPANY,PRODUCTNAME,PROCESSORNAME,PROCESSORSPEED,RAM,HARDDISKSIZE,GRAPHICCARD,SCREENSIZE,BATTERYBACKUP,BATTERYCELLS,DESCRIPTION) values (10052,'Lenovo','Lenovo Desktop','Pentium Dual Core',3,4,500,'NA',18,1,6,'Lenevo Desktop,Suitable for Home usage ');
Insert into JCART_COMPUTERS (PRODUCTID,COMPANY,PRODUCTNAME,PROCESSORNAME,PROCESSORSPEED,RAM,HARDDISKSIZE,GRAPHICCARD,SCREENSIZE,BATTERYBACKUP,BATTERYCELLS,DESCRIPTION) values (10053,'Samsung','Samsung galaxy tab2','Dual Core Processor',1,1,16,'NA',7,20,6,'An intermediary between netbooks and smart phones.');
Insert into JCART_COMPUTERS (PRODUCTID,COMPANY,PRODUCTNAME,PROCESSORNAME,PROCESSORSPEED,RAM,HARDDISKSIZE,GRAPHICCARD,SCREENSIZE,BATTERYBACKUP,BATTERYCELLS,DESCRIPTION) values (10054,'Sony','Sony Viao Ultra book','Corei3',1.4,4,500,'Intel HD Graphics',13,3,6,'Suitable for personal use');
Insert into JCART_COMPUTERS (PRODUCTID,COMPANY,PRODUCTNAME,PROCESSORNAME,PROCESSORSPEED,RAM,HARDDISKSIZE,GRAPHICCARD,SCREENSIZE,BATTERYBACKUP,BATTERYCELLS,DESCRIPTION) values (1757,'Sony' ,'Sony Viao Ultra book','Corei5',1.4,4,500,'Intel HD Graphics',13,3,6,'Suitable for personal use');
Insert into JCART_COMPUTERS (PRODUCTID,COMPANY,PRODUCTNAME,PROCESSORNAME,PROCESSORSPEED,RAM,HARDDISKSIZE,GRAPHICCARD,SCREENSIZE,BATTERYBACKUP,BATTERYCELLS,DESCRIPTION) values (2447, 'Samsung','Samsung galaxy tab3','Dual Core Processor',1,1,16,'NA',7,20,6,'An intermediary between netbooks and smart phones.');
Insert into JCART_COMPUTERS (PRODUCTID,COMPANY,PRODUCTNAME,PROCESSORNAME,PROCESSORSPEED,RAM,HARDDISKSIZE,GRAPHICCARD,SCREENSIZE,BATTERYBACKUP,BATTERYCELLS,DESCRIPTION) values (2507,'Acer ','Acer Laptop','Pentium Core i3',3,4,500,'Intel HD Graphics',16,3,6,'Brought this product I year Ago. In very good condition');
Insert into JCART_COMPUTERS (PRODUCTID,COMPANY,PRODUCTNAME,PROCESSORNAME,PROCESSORSPEED,RAM,HARDDISKSIZE,GRAPHICCARD,SCREENSIZE,BATTERYBACKUP,BATTERYCELLS,DESCRIPTION) values (1752,'Acer ','Acer Laptop','Pentium Core i5',3,4,500,'Intel HD Graphics',16,3,6,'Brought this product I year Ago. In very good condition');
Insert into JCART_COMPUTERS (PRODUCTID,COMPANY,PRODUCTNAME,PROCESSORNAME,PROCESSORSPEED,RAM,HARDDISKSIZE,GRAPHICCARD,SCREENSIZE,BATTERYBACKUP,BATTERYCELLS,DESCRIPTION) values (2144,'Lenovo','Lenovo Desktop','Core i7',3,4,500,'NA',18,1,6,'Lenevo Desktop,Suitable for Home usage ');
commit;

Insert into JCART_FOOTWEAR (PRODUCTID,COMPANY,PRODUCTNAME,IDEALFOR,MATERIAL,WEIGHT,DESCRIPTION) values (10072,'Fila','Fila Trace','M','Synthetic',700,'Sneakers help you remain in comfort while keeping you looking stylish, whatever the casual occasion maybe.');
Insert into JCART_FOOTWEAR (PRODUCTID,COMPANY,PRODUCTNAME,IDEALFOR,MATERIAL,WEIGHT,DESCRIPTION) values (10073,'Puma','Puma heels','F','Synthetic',600,'Sneakers help you remain in comfort while keeping you looking stylish, whatever the casual occasion maybe.');
Insert into JCART_FOOTWEAR (PRODUCTID,COMPANY,PRODUCTNAME,IDEALFOR,MATERIAL,WEIGHT,DESCRIPTION) values (10074,'Numero','Numero Tracker','M','Rubber',250,'Enjoy a walk on the beach with your loved one in this cool and trendy pair of flip flops which is made of rubber.');
Insert into JCART_FOOTWEAR (PRODUCTID,COMPANY,PRODUCTNAME,IDEALFOR,MATERIAL,WEIGHT,DESCRIPTION) values (10075,'Numero','Numero Tracker','F','Rubber',250,'Enjoy a walk on the beach with your loved one in this cool and trendy pair of flip flops which is made of rubber.');
Insert into JCART_FOOTWEAR (PRODUCTID,COMPANY,PRODUCTNAME,IDEALFOR,MATERIAL,WEIGHT,DESCRIPTION) values (10076,'Woodland','Wood land juggernaut','M','Leather',600,'Keep your feet comforted by wearing these Woodland Casual Shoesthat are styled for perfect comfort and grip.');
Insert into JCART_FOOTWEAR (PRODUCTID,COMPANY,PRODUCTNAME,IDEALFOR,MATERIAL,WEIGHT,DESCRIPTION) values (10077,'Woodland','Wood land juggernaut','F','Leather',600,'Keep your feet comforted by wearing these Woodland Shoesthat are styled for perfect comfort and grip.');
Insert into JCART_FOOTWEAR (PRODUCTID,COMPANY,PRODUCTNAME,IDEALFOR,MATERIAL,WEIGHT,DESCRIPTION) values (10078,'Reebok','Rebok joggers','M','Leather n fabric',450,'ngenious technology and an intimidating passion are employed byReebokwhile fashioning its irresistible range of footwear;');
Insert into JCART_FOOTWEAR (PRODUCTID,COMPANY,PRODUCTNAME,IDEALFOR,MATERIAL,WEIGHT,DESCRIPTION) values (10079,'Carlton London','Carlton heels','F','Leather n PU',750,'Enter Carlton Londons world of high fashion that is all about enjoying the best of both worlds, where you can feel just as awesome as you look.');
Insert into JCART_FOOTWEAR (PRODUCTID,COMPANY,PRODUCTNAME,IDEALFOR,MATERIAL,WEIGHT,DESCRIPTION) values (10080,'Clarks','Clarks heels','F','Leather',250,'Let your feet enjoy the breezy evening by wearing this pair of classic sandals from Clarks.');
commit;

Insert into JCART_ISSUEDETAILS (ISSUEID,RETAILERID,PRODUCTID,USERID,DESCRIPTION,STATUS) values (60001,'Garima_G',10044,'Narayanarao_R','the bag was damaged','A');
Insert into JCART_ISSUEDETAILS (ISSUEID,RETAILERID,PRODUCTID,USERID,DESCRIPTION,STATUS) values (60002,'Garima_G',10044,'Rashmi_S','the bag was of poor quality','A');
Insert into JCART_ISSUEDETAILS (ISSUEID,RETAILERID,PRODUCTID,USERID,DESCRIPTION,STATUS) values (60003,'Aditya_P',10050,'Narayanarao_R','the screen had a defect','A');
Insert into JCART_ISSUEDETAILS (ISSUEID,RETAILERID,PRODUCTID,USERID,DESCRIPTION,STATUS) values (60004,'Sandeep_K',10048,'Rashmi_S','did not receive the wallet that I ordered','A');
Insert into JCART_ISSUEDETAILS (ISSUEID,RETAILERID,PRODUCTID,USERID,DESCRIPTION,STATUS) values (1590,'Garima_G',10075,'Rishav_S','damaged when delivered','S');
Insert into JCART_ISSUEDETAILS (ISSUEID,RETAILERID,PRODUCTID,USERID,DESCRIPTION,STATUS) values (1615,'Garima_G',10025,'Rishav_S','Not Good','S');
Insert into JCART_ISSUEDETAILS (ISSUEID,RETAILERID,PRODUCTID,USERID,DESCRIPTION,STATUS) values (1620,'Garima_G',10064,'Rishav_S','Not Good','S');
Insert into JCART_ISSUEDETAILS (ISSUEID,RETAILERID,PRODUCTID,USERID,DESCRIPTION,STATUS) values (1433,'Garima_G',10027,'Rishav_S','Poor quality :(','S');
Insert into JCART_ISSUEDETAILS (ISSUEID,RETAILERID,PRODUCTID,USERID,DESCRIPTION,STATUS) values (1511,'Garima_G',10024,'Rishav_S','Not Good','S');
Insert into JCART_ISSUEDETAILS (ISSUEID,RETAILERID,PRODUCTID,USERID,DESCRIPTION,STATUS) values (2654,'Garima_G',10024,'Narayanarao_R','Not Good','S');
Insert into JCART_ISSUEDETAILS (ISSUEID,RETAILERID,PRODUCTID,USERID,DESCRIPTION,STATUS) values (700,'Garima_G',10046,'Rishav_S','Not Good','S');
Insert into JCART_ISSUEDETAILS (ISSUEID,RETAILERID,PRODUCTID,USERID,DESCRIPTION,STATUS) values (1477,'Garima_G',10026,'Rishav_S','Not Good','S');
Insert into JCART_ISSUEDETAILS (ISSUEID,RETAILERID,PRODUCTID,USERID,DESCRIPTION,STATUS) values (719,'Garima_G',10026,'Rishav_S','Not good','S');
commit;

Insert into JCART_LOGDETAIL (LOGID,USERID,LOGOUTTIME) values (4001,'Harish_H',SYSTIMESTAMP);
Insert into JCART_LOGDETAIL (LOGID,USERID,LOGOUTTIME) values (4002,'Narayanarao_R',SYSTIMESTAMP);
Insert into JCART_LOGDETAIL (LOGID,USERID,LOGOUTTIME) values (4003,'Umesha_S',SYSTIMESTAMP);
Insert into JCART_LOGDETAIL (LOGID,USERID,LOGOUTTIME) values (4004,'Rishav_S',to_timestamp('10-MAY-13 08.30.15.000000000 PM'));
Insert into JCART_LOGDETAIL (LOGID,USERID,LOGOUTTIME) values (4005,'Raj_P',SYSTIMESTAMP);
Insert into JCART_LOGDETAIL (LOGID,USERID,LOGOUTTIME) values (4006,'Rachit_G',SYSTIMESTAMP);
commit;


Insert into JCART_MESSAGES (MESSAGEID,SENDERID,RECIEVERID,MESSAGE,MESSAGEDATE) values (766,'Jcart','Garima_G','you have bee nprovided with a lot of discount!!',to_timestamp('05-JUN-14 02.03.20.456000000 PM','DD-MON-RR HH.MI.SS.FF AM'));
Insert into JCART_MESSAGES (MESSAGEID,SENDERID,RECIEVERID,MESSAGE,MESSAGEDATE) values (767,'Jcart','Mohpreet','price discounted for you!',to_timestamp('05-JUN-14 02.07.38.616000000 PM','DD-MON-RR HH.MI.SS.FF AM'));
Insert into JCART_MESSAGES (MESSAGEID,SENDERID,RECIEVERID,MESSAGE,MESSAGEDATE) values (775,'Jcart','Rashmi_S','checking',to_timestamp('05-JUN-13 02.28.50.867000000 PM','DD-MON-RR HH.MI.SS.FF AM'));
Insert into JCART_MESSAGES (MESSAGEID,SENDERID,RECIEVERID,MESSAGE,MESSAGEDATE) values (1538,'Jcart','Rashmi_S','Test Message1',to_timestamp('19-JUN-14 08.27.04.324000000 PM','DD-MON-RR HH.MI.SS.FF AM'));
Insert into JCART_MESSAGES (MESSAGEID,SENDERID,RECIEVERID,MESSAGE,MESSAGEDATE) values (1540,'Jcart','Rachit_G','Test Message2',to_timestamp('19-JUN-13 08.27.11.395000000 PM','DD-MON-RR HH.MI.SS.FF AM'));
Insert into JCART_MESSAGES (MESSAGEID,SENDERID,RECIEVERID,MESSAGE,MESSAGEDATE) values (1544,'Jcart','Rashmi_S','Test Message3',to_timestamp('19-JUN-14 08.30.54.698000000 PM','DD-MON-RR HH.MI.SS.FF AM'));
Insert into JCART_MESSAGES (MESSAGEID,SENDERID,RECIEVERID,MESSAGE,MESSAGEDATE) values (1787,'Jcart','Harish_H','Test Message4',to_timestamp('26-APR-15 12.41.15.669000000 PM','DD-MON-RR HH.MI.SS.FF AM'));
Insert into JCART_MESSAGES (MESSAGEID,SENDERID,RECIEVERID,MESSAGE,MESSAGEDATE) values (1468,'Jcart','Garima_G','Test Message5',to_timestamp('19-JUN-13 03.28.33.242000000 PM','DD-MON-RR HH.MI.SS.FF AM'));
Insert into JCART_MESSAGES (MESSAGEID,SENDERID,RECIEVERID,MESSAGE,MESSAGEDATE) values (1469,'Jcart','Harish_H','Test Message7',to_timestamp('19-FEB-15 03.33.58.055000000 PM','DD-MON-RR HH.MI.SS.FF AM'));
Insert into JCART_MESSAGES (MESSAGEID,SENDERID,RECIEVERID,MESSAGE,MESSAGEDATE) values (1470,'Jcart','Aditya_P','Test Message8',to_timestamp('19-JUN-13 03.33.58.055000000 PM','DD-MON-RR HH.MI.SS.FF AM'));


commit;



Insert into JCART_MOBILE (PRODUCTID,COMPANY,PRODUCTNAME,SIM,CAMERA,SCREENSIZE,RESOLUTION,BATTERYTYPE,DESCRIPTION,GENERATION,MEMORY) values (10035,'Samsung','Galaxy S4','S',13,5,'1920 x 1080',2600,'Android 4.2.2 (Jelly Bean), 1.6GHz Quad + 1.2GHz Quad, Full HD Super AMOLED','4G','16');
Insert into JCART_MOBILE (PRODUCTID,COMPANY,PRODUCTNAME,SIM,CAMERA,SCREENSIZE,RESOLUTION,BATTERYTYPE,DESCRIPTION,GENERATION,MEMORY) values (10036,'Samsung','Galaxy Grand','D',8,5,'480x800',2100,'Accelerometer,Geo-magnetic,Gyro-sensor,Proximity Sensor, Dual Core, 1.2GHz','3G','8');
Insert into JCART_MOBILE (PRODUCTID,COMPANY,PRODUCTNAME,SIM,CAMERA,SCREENSIZE,RESOLUTION,BATTERYTYPE,DESCRIPTION,GENERATION,MEMORY) values (10037,'Sony Ericson','Xperia Z','S',13,5,'1920 x 1080',2330,'Google Android 4.1 (Jelly Bean)
1.5 GHz Qualcomm APQ8064+MDM9215M Quad Core','3G','16');
Insert into JCART_MOBILE (PRODUCTID,COMPANY,PRODUCTNAME,SIM,CAMERA,SCREENSIZE,RESOLUTION,BATTERYTYPE,DESCRIPTION,GENERATION,MEMORY) values (10038,'Nokia','Nokia 808 PureView','S',41,4,'360 x 640 ',1400,'OS Nokia Belle OS
CPU 1.3 GHz ARM 11','3G','16');
Insert into JCART_MOBILE (PRODUCTID,COMPANY,PRODUCTNAME,SIM,CAMERA,SCREENSIZE,RESOLUTION,BATTERYTYPE,DESCRIPTION,GENERATION,MEMORY) values (10039,'Nokia','Lumia 920','S',8,5,'768 x 1280 ',2000,'OS Microsoft Windows Phone 8
Chipset Qualcomm MSM8960 Snapdragon
CPU Dual-core 1.5 GHz Krait
GPU Adreno 225
Sensors Accelerometer, gyro, proximity, compass','4G','32');
Insert into JCART_MOBILE (PRODUCTID,COMPANY,PRODUCTNAME,SIM,CAMERA,SCREENSIZE,RESOLUTION,BATTERYTYPE,DESCRIPTION,GENERATION,MEMORY) values (10040,'HTC','HTC Accord','S',8,4,'720 x 1280',1800,'OS Microsoft Windows Phone 8
Chipset Qualcomm MSM8960 Snapdragon
CPU Dual-core 1.5 GHz Krait','4G','16');
Insert into JCART_MOBILE (PRODUCTID,COMPANY,PRODUCTNAME,SIM,CAMERA,SCREENSIZE,RESOLUTION,BATTERYTYPE,DESCRIPTION,GENERATION,MEMORY) values (10041,'Apple','iPhone 5','S',8,4,'640 x 1136 ',1440,'OS iOS 6, upgradable to iOS 6.1.3
Chipset Apple A6
CPU Dual-core 1.2 GHz','4G','64');
Insert into JCART_MOBILE (PRODUCTID,COMPANY,PRODUCTNAME,SIM,CAMERA,SCREENSIZE,RESOLUTION,BATTERYTYPE,DESCRIPTION,GENERATION,MEMORY) values (10042,'Apple','iPhone 4s','S',8,4,'640 x 960',1432,'OS iOS 5, upgradable to iOS 6.1.3
Chipset Apple A5
CPU Dual-core 1 GHz Cortex-A9
GPU PowerVR SGX543MP2','4G','16');
Insert into JCART_MOBILE (PRODUCTID,COMPANY,PRODUCTNAME,SIM,CAMERA,SCREENSIZE,RESOLUTION,BATTERYTYPE,DESCRIPTION,GENERATION,MEMORY) values (10043,'Motorola','Moto C131','S',0,3,'200 x 200',700,'Black white screen , 800Mhz,512 MB','1G','0');
commit;

Insert into JCART_NEWPRODUCTS (PRODUCTID,PRICE,DISCOUNT,OFFERCODE,PRODUCTADDDATE) values (10001,1199,0,null,to_date('01-APR-14','DD-MON-RR'));
Insert into JCART_NEWPRODUCTS (PRODUCTID,PRICE,DISCOUNT,OFFERCODE,PRODUCTADDDATE) values (10002,1599,0,null,to_date('10-APR-13','DD-MON-RR'));
Insert into JCART_NEWPRODUCTS (PRODUCTID,PRICE,DISCOUNT,OFFERCODE,PRODUCTADDDATE) values (10003,5499,20,null,to_date('01-SEP-14','DD-MON-RR'));
Insert into JCART_NEWPRODUCTS (PRODUCTID,PRICE,DISCOUNT,OFFERCODE,PRODUCTADDDATE) values (10004,1099,5,null,to_date('18-MAR-15','DD-MON-RR'));
Insert into JCART_NEWPRODUCTS (PRODUCTID,PRICE,DISCOUNT,OFFERCODE,PRODUCTADDDATE) values (10005,1299,0,null,to_date('01-MAY-13','DD-MON-RR'));
Insert into JCART_NEWPRODUCTS (PRODUCTID,PRICE,DISCOUNT,OFFERCODE,PRODUCTADDDATE) values (10006,6219,0,null,to_date('01-MAR-13','DD-MON-RR'));
Insert into JCART_NEWPRODUCTS (PRODUCTID,PRICE,DISCOUNT,OFFERCODE,PRODUCTADDDATE) values (10007,1099,0,null,to_date('02-MAR-13','DD-MON-RR'));
Insert into JCART_NEWPRODUCTS (PRODUCTID,PRICE,DISCOUNT,OFFERCODE,PRODUCTADDDATE) values (10008,1899,5,null,to_date('18-MAR-15','DD-MON-RR'));
Insert into JCART_NEWPRODUCTS (PRODUCTID,PRICE,DISCOUNT,OFFERCODE,PRODUCTADDDATE) values (10009,2999,12,null,to_date('01-SEP-14','DD-MON-RR'));
Insert into JCART_NEWPRODUCTS (PRODUCTID,PRICE,DISCOUNT,OFFERCODE,PRODUCTADDDATE) values (10010,1999,0,null,to_date('01-MAY-13','DD-MON-RR'));
Insert into JCART_NEWPRODUCTS (PRODUCTID,PRICE,DISCOUNT,OFFERCODE,PRODUCTADDDATE) values (10011,999,0,null,to_date('02-MAY-13','DD-MON-RR'));
Insert into JCART_NEWPRODUCTS (PRODUCTID,PRICE,DISCOUNT,OFFERCODE,PRODUCTADDDATE) values (10012,2790,5,null,to_date('01-FEB-13','DD-MON-RR'));
Insert into JCART_NEWPRODUCTS (PRODUCTID,PRICE,DISCOUNT,OFFERCODE,PRODUCTADDDATE) values (10013,790,0,null,to_date('02-FEB-15','DD-MON-RR'));
Insert into JCART_NEWPRODUCTS (PRODUCTID,PRICE,DISCOUNT,OFFERCODE,PRODUCTADDDATE) values (10014,999,0,null,to_date('12-MAY-13','DD-MON-RR'));
Insert into JCART_NEWPRODUCTS (PRODUCTID,PRICE,DISCOUNT,OFFERCODE,PRODUCTADDDATE) values (10015,1699,20,null,to_date('01-SEP-12','DD-MON-RR'));
Insert into JCART_NEWPRODUCTS (PRODUCTID,PRICE,DISCOUNT,OFFERCODE,PRODUCTADDDATE) values (10016,1899,0,null,to_date('02-SEP-14','DD-MON-RR'));
Insert into JCART_NEWPRODUCTS (PRODUCTID,PRICE,DISCOUNT,OFFERCODE,PRODUCTADDDATE) values (10017,4999,0,null,to_date('01-APR-13','DD-MON-RR'));
Insert into JCART_NEWPRODUCTS (PRODUCTID,PRICE,DISCOUNT,OFFERCODE,PRODUCTADDDATE) values (10018,1499,0,null,to_date('02-APR-13','DD-MON-RR'));
Insert into JCART_NEWPRODUCTS (PRODUCTID,PRICE,DISCOUNT,OFFERCODE,PRODUCTADDDATE) values (10019,3999,10,null,to_date('03-APR-13','DD-MON-RR'));
Insert into JCART_NEWPRODUCTS (PRODUCTID,PRICE,DISCOUNT,OFFERCODE,PRODUCTADDDATE) values (10020,3999,10,null,to_date('03-APR-14','DD-MON-RR'));
Insert into JCART_NEWPRODUCTS (PRODUCTID,PRICE,DISCOUNT,OFFERCODE,PRODUCTADDDATE) values (10021,1989,0,null,to_date('01-MAY-13','DD-MON-RR'));
Insert into JCART_NEWPRODUCTS (PRODUCTID,PRICE,DISCOUNT,OFFERCODE,PRODUCTADDDATE) values (10022,1699,0,null,to_date('02-MAY-13','DD-MON-RR'));
Insert into JCART_NEWPRODUCTS (PRODUCTID,PRICE,DISCOUNT,OFFERCODE,PRODUCTADDDATE) values (10023,1199,10,null,to_date('01-FEB-13','DD-MON-RR'));
Insert into JCART_NEWPRODUCTS (PRODUCTID,PRICE,DISCOUNT,OFFERCODE,PRODUCTADDDATE) values (10024,1299,10,null,to_date('02-FEB-13','DD-MON-RR'));
Insert into JCART_NEWPRODUCTS (PRODUCTID,PRICE,DISCOUNT,OFFERCODE,PRODUCTADDDATE) values (10025,1299,0,null,to_date('02-SEP-14','DD-MON-RR'));
Insert into JCART_NEWPRODUCTS (PRODUCTID,PRICE,DISCOUNT,OFFERCODE,PRODUCTADDDATE) values (10026,7295,0,null,to_date('01-APR-13','DD-MON-RR'));
Insert into JCART_NEWPRODUCTS (PRODUCTID,PRICE,DISCOUNT,OFFERCODE,PRODUCTADDDATE) values (10027,23999,0,null,to_date('02-APR-13','DD-MON-RR'));
Insert into JCART_NEWPRODUCTS (PRODUCTID,PRICE,DISCOUNT,OFFERCODE,PRODUCTADDDATE) values (10028,70000,24,null,to_date('02-FEB-15','DD-MON-RR'));
Insert into JCART_NEWPRODUCTS (PRODUCTID,PRICE,DISCOUNT,OFFERCODE,PRODUCTADDDATE) values (10030,70000,24,null,to_date('13-May-13','DD-MON-RR'));
Insert into JCART_NEWPRODUCTS (PRODUCTID,PRICE,DISCOUNT,OFFERCODE,PRODUCTADDDATE) values (10031,209900,0,null,to_date('12-MAY-13','DD-MON-RR'));
Insert into JCART_NEWPRODUCTS (PRODUCTID,PRICE,DISCOUNT,OFFERCODE,PRODUCTADDDATE) values (10032,53990,0,null,to_date('01-SEP-14','DD-MON-RR'));
Insert into JCART_NEWPRODUCTS (PRODUCTID,PRICE,DISCOUNT,OFFERCODE,PRODUCTADDDATE) values (10034,62900,10,null,to_date('02-SEP-14','DD-MON-RR'));
Insert into JCART_NEWPRODUCTS (PRODUCTID,PRICE,DISCOUNT,OFFERCODE,PRODUCTADDDATE) values (10035,41000,0,null,to_date('03-APR-13','DD-MON-RR'));
Insert into JCART_NEWPRODUCTS (PRODUCTID,PRICE,DISCOUNT,OFFERCODE,PRODUCTADDDATE) values (10036,19000,0,null,to_date('03-APR-15','DD-MON-RR'));
Insert into JCART_NEWPRODUCTS (PRODUCTID,PRICE,DISCOUNT,OFFERCODE,PRODUCTADDDATE) values (10037,37999,10,null,to_date('01-MAY-13','DD-MON-RR'));
Insert into JCART_NEWPRODUCTS (PRODUCTID,PRICE,DISCOUNT,OFFERCODE,PRODUCTADDDATE) values (10038,16300,10,null,to_date('02-MAY-15','DD-MON-RR'));
Insert into JCART_NEWPRODUCTS (PRODUCTID,PRICE,DISCOUNT,OFFERCODE,PRODUCTADDDATE) values (10039,32999,0,null,to_date('01-FEB-13','DD-MON-RR'));
Insert into JCART_NEWPRODUCTS (PRODUCTID,PRICE,DISCOUNT,OFFERCODE,PRODUCTADDDATE) values (10040,35990,0,null,to_date('02-FEB-13','DD-MON-RR'));
Insert into JCART_NEWPRODUCTS (PRODUCTID,PRICE,DISCOUNT,OFFERCODE,PRODUCTADDDATE) values (10041,53965,5,null,to_date('01-FEB-14','DD-MON-RR'));
Insert into JCART_NEWPRODUCTS (PRODUCTID,PRICE,DISCOUNT,OFFERCODE,PRODUCTADDDATE) values (10044,3500,0,null,to_date('03-MAR-13','DD-MON-RR'));
Insert into JCART_NEWPRODUCTS (PRODUCTID,PRICE,DISCOUNT,OFFERCODE,PRODUCTADDDATE) values (10045,2500,10,null,to_date('10-MAR-13','DD-MON-RR'));
Insert into JCART_NEWPRODUCTS (PRODUCTID,PRICE,DISCOUNT,OFFERCODE,PRODUCTADDDATE) values (10046,2299,0,null,to_date('10-MAR-13','DD-MON-RR'));
Insert into JCART_NEWPRODUCTS (PRODUCTID,PRICE,DISCOUNT,OFFERCODE,PRODUCTADDDATE) values (10047,4145,20,null,to_date('12-APR-14','DD-MON-RR'));
Insert into JCART_NEWPRODUCTS (PRODUCTID,PRICE,DISCOUNT,OFFERCODE,PRODUCTADDDATE) values (10048,1000,0,null,to_date('12-APR-13','DD-MON-RR'));
Insert into JCART_NEWPRODUCTS (PRODUCTID,PRICE,DISCOUNT,OFFERCODE,PRODUCTADDDATE) values (10049,2330,0,null,to_date('05-MAY-13','DD-MON-RR'));
Insert into JCART_NEWPRODUCTS (PRODUCTID,PRICE,DISCOUNT,OFFERCODE,PRODUCTADDDATE) values (10050,30000,0,5001,to_date('12-APR-13','DD-MON-RR'));
Insert into JCART_NEWPRODUCTS (PRODUCTID,PRICE,DISCOUNT,OFFERCODE,PRODUCTADDDATE) values (10052,45000,0,null,to_date('12-FEB-14','DD-MON-RR'));
Insert into JCART_NEWPRODUCTS (PRODUCTID,PRICE,DISCOUNT,OFFERCODE,PRODUCTADDDATE) values (10053,16000,0,5002,to_date('12-MAR-13','DD-MON-RR'));
Insert into JCART_NEWPRODUCTS (PRODUCTID,PRICE,DISCOUNT,OFFERCODE,PRODUCTADDDATE) values (10055,23000,0,5003,to_date('12-MAR-13','DD-MON-RR'));
Insert into JCART_NEWPRODUCTS (PRODUCTID,PRICE,DISCOUNT,OFFERCODE,PRODUCTADDDATE) values (10057,5500,0,null,to_date('15-APR-13','DD-MON-RR'));
Insert into JCART_NEWPRODUCTS (PRODUCTID,PRICE,DISCOUNT,OFFERCODE,PRODUCTADDDATE) values (10059,10530,10,null,to_date('12-FEB-14','DD-MON-RR'));
Insert into JCART_NEWPRODUCTS (PRODUCTID,PRICE,DISCOUNT,OFFERCODE,PRODUCTADDDATE) values (10060,21000,5,null,to_date('12-APR-13','DD-MON-RR'));
Insert into JCART_NEWPRODUCTS (PRODUCTID,PRICE,DISCOUNT,OFFERCODE,PRODUCTADDDATE) values (10061,260,0,5004,to_date('12-APR-13','DD-MON-RR'));
Insert into JCART_NEWPRODUCTS (PRODUCTID,PRICE,DISCOUNT,OFFERCODE,PRODUCTADDDATE) values (10062,200,0,5004,to_date('12-FEB-13','DD-MON-RR'));
Insert into JCART_NEWPRODUCTS (PRODUCTID,PRICE,DISCOUNT,OFFERCODE,PRODUCTADDDATE) values (10063,195,14,null,to_date('05-MAY-14','DD-MON-RR'));
Insert into JCART_NEWPRODUCTS (PRODUCTID,PRICE,DISCOUNT,OFFERCODE,PRODUCTADDDATE) values (10064,500,2,null,to_date('10-MAR-13','DD-MON-RR'));
Insert into JCART_NEWPRODUCTS (PRODUCTID,PRICE,DISCOUNT,OFFERCODE,PRODUCTADDDATE) values (10065,800,24,null,to_date('18-MAR-13','DD-MON-RR'));
Insert into JCART_NEWPRODUCTS (PRODUCTID,PRICE,DISCOUNT,OFFERCODE,PRODUCTADDDATE) values (10066,452,3,null,to_date('10-MAR-13','DD-MON-RR'));
Insert into JCART_NEWPRODUCTS (PRODUCTID,PRICE,DISCOUNT,OFFERCODE,PRODUCTADDDATE) values (10067,200,5,null,to_date('15-FEB-13','DD-MON-RR'));
Insert into JCART_NEWPRODUCTS (PRODUCTID,PRICE,DISCOUNT,OFFERCODE,PRODUCTADDDATE) values (10068,60,0,null,to_date('14-MAR-14','DD-MON-RR'));
Insert into JCART_NEWPRODUCTS (PRODUCTID,PRICE,DISCOUNT,OFFERCODE,PRODUCTADDDATE) values (10069,1155,15,null,to_date('17-APR-13','DD-MON-RR'));
Insert into JCART_NEWPRODUCTS (PRODUCTID,PRICE,DISCOUNT,OFFERCODE,PRODUCTADDDATE) values (10070,500,0,null,to_date('05-MAY-13','DD-MON-RR'));
Insert into JCART_NEWPRODUCTS (PRODUCTID,PRICE,DISCOUNT,OFFERCODE,PRODUCTADDDATE) values (10071,600,15,null,to_date('01-APR-13','DD-MON-RR'));
Insert into JCART_NEWPRODUCTS (PRODUCTID,PRICE,DISCOUNT,OFFERCODE,PRODUCTADDDATE) values (10072,2500,10,null,to_date('16-JAN-13','DD-MON-RR'));
Insert into JCART_NEWPRODUCTS (PRODUCTID,PRICE,DISCOUNT,OFFERCODE,PRODUCTADDDATE) values (10073,3500,5,null,to_date('19-MAR-13','DD-MON-RR'));
Insert into JCART_NEWPRODUCTS (PRODUCTID,PRICE,DISCOUNT,OFFERCODE,PRODUCTADDDATE) values (10074,300,0,null,to_date('01-APR-13','DD-MON-RR'));
Insert into JCART_NEWPRODUCTS (PRODUCTID,PRICE,DISCOUNT,OFFERCODE,PRODUCTADDDATE) values (10075,300,0,null,to_date('01-APR-15','DD-MON-RR'));
Insert into JCART_NEWPRODUCTS (PRODUCTID,PRICE,DISCOUNT,OFFERCODE,PRODUCTADDDATE) values (10076,3000,10,null,to_date('12-JAN-15','DD-MON-RR'));
Insert into JCART_NEWPRODUCTS (PRODUCTID,PRICE,DISCOUNT,OFFERCODE,PRODUCTADDDATE) values (10077,3500,5,null,to_date('12-JAN-15','DD-MON-RR'));
Insert into JCART_NEWPRODUCTS (PRODUCTID,PRICE,DISCOUNT,OFFERCODE,PRODUCTADDDATE) values (10078,2799,3,null,to_date('18-FEB-15','DD-MON-RR'));
Insert into JCART_NEWPRODUCTS (PRODUCTID,PRICE,DISCOUNT,OFFERCODE,PRODUCTADDDATE) values (10079,1500,0,5005,to_date('01-MAR-13','DD-MON-RR'));
Insert into JCART_NEWPRODUCTS (PRODUCTID,PRICE,DISCOUNT,OFFERCODE,PRODUCTADDDATE) values (10080,850,0,null,to_date('08-MAY-15','DD-MON-RR'));
Insert into JCART_NEWPRODUCTS (PRODUCTID,PRICE,DISCOUNT,OFFERCODE,PRODUCTADDDATE) values (1757,25000,12,5002,to_date('26-JUN-14','DD-MON-RR'));
Insert into JCART_NEWPRODUCTS (PRODUCTID,PRICE,DISCOUNT,OFFERCODE,PRODUCTADDDATE) values (2447,25000,12,5003,to_date('02-JUL-13','DD-MON-RR'));
Insert into JCART_NEWPRODUCTS (PRODUCTID,PRICE,DISCOUNT,OFFERCODE,PRODUCTADDDATE) values (2507,25000,25,5001,to_date('02-JUL-14','DD-MON-RR'));
Insert into JCART_NEWPRODUCTS (PRODUCTID,PRICE,DISCOUNT,OFFERCODE,PRODUCTADDDATE) values (1752,25000,12,5002,to_date('26-JUN-13','DD-MON-RR'));
Insert into JCART_NEWPRODUCTS (PRODUCTID,PRICE,DISCOUNT,OFFERCODE,PRODUCTADDDATE) values (2144,25000,25,5002,to_date('28-JUN-13','DD-MON-RR'));
commit;

Insert into JCART_PAYMENT (PAYMENTID,BUYERID,NETBILL,PAYMENTTYPE,PURCHASEDATE) values (2384,'Harish_H',5500,'D',to_date('01-JUL-14','DD-MON-RR'));
Insert into JCART_PAYMENT (PAYMENTID,BUYERID,NETBILL,PAYMENTTYPE,PURCHASEDATE) values (2385,'Harish_H',5500,'D',to_date('01-JUL-14','DD-MON-RR'));
Insert into JCART_PAYMENT (PAYMENTID,BUYERID,NETBILL,PAYMENTTYPE,PURCHASEDATE) values (2392,'Harish_H',168,'C',to_date('01-JUL-13','DD-MON-RR'));
Insert into JCART_PAYMENT (PAYMENTID,BUYERID,NETBILL,PAYMENTTYPE,PURCHASEDATE) values (2398,'Narayanarao_R',1599,'C',to_date('01-JUL-13','DD-MON-RR'));
Insert into JCART_PAYMENT (PAYMENTID,BUYERID,NETBILL,PAYMENTTYPE,PURCHASEDATE) values (2403,'Harish_H',195,'C',to_date('01-JUL-13','DD-MON-RR'));
Insert into JCART_PAYMENT (PAYMENTID,BUYERID,NETBILL,PAYMENTTYPE,PURCHASEDATE) values (5001,'Narayanarao_R',3500,'D',to_date('12-APR-14','DD-MON-RR'));
Insert into JCART_PAYMENT (PAYMENTID,BUYERID,NETBILL,PAYMENTTYPE,PURCHASEDATE) values (5002,'Rashmi_S',5500,'C',to_date('09-MAY-13','DD-MON-RR'));
Insert into JCART_PAYMENT (PAYMENTID,BUYERID,NETBILL,PAYMENTTYPE,PURCHASEDATE) values (5003,'Suresh_M',9477,'C',to_date('05-MAY-15','DD-MON-RR'));
Insert into JCART_PAYMENT (PAYMENTID,BUYERID,NETBILL,PAYMENTTYPE,PURCHASEDATE) values (5004,'Narayanarao_R',32230,'D',to_date('30-APR-15','DD-MON-RR'));
Insert into JCART_PAYMENT (PAYMENTID,BUYERID,NETBILL,PAYMENTTYPE,PURCHASEDATE) values (5005,'Manoj_B',45000,'C',to_date('21-APR-13','DD-MON-RR'));
Insert into JCART_PAYMENT (PAYMENTID,BUYERID,NETBILL,PAYMENTTYPE,PURCHASEDATE) values (5006,'Umesha_S',29622,'D',to_date('28-APR-15','DD-MON-RR'));
Insert into JCART_PAYMENT (PAYMENTID,BUYERID,NETBILL,PAYMENTTYPE,PURCHASEDATE) values (5007,'Rishav_S',1599,'C',to_date('12-APR-15','DD-MON-RR'));
Insert into JCART_PAYMENT (PAYMENTID,BUYERID,NETBILL,PAYMENTTYPE,PURCHASEDATE) values (5008,'Raj_P',999,'D',to_date('09-MAY-13','DD-MON-RR'));
Insert into JCART_PAYMENT (PAYMENTID,BUYERID,NETBILL,PAYMENTTYPE,PURCHASEDATE) values (5009,'Rachit_G',1098,'C',to_date('12-APR-15','DD-MON-RR'));
Insert into JCART_PAYMENT (PAYMENTID,BUYERID,NETBILL,PAYMENTTYPE,PURCHASEDATE) values (5010,'Raj_P',6855,'D',to_date('13-APR-13','DD-MON-RR'));
Insert into JCART_PAYMENT (PAYMENTID,BUYERID,NETBILL,PAYMENTTYPE,PURCHASEDATE) values (1569,'Harish_H',10316,'C',to_date('20-JUN-14','DD-MON-RR'));
Insert into JCART_PAYMENT (PAYMENTID,BUYERID,NETBILL,PAYMENTTYPE,PURCHASEDATE) values (1575,'Harish_H',11000,'C',to_date('20-JUN-13','DD-MON-RR'));
Insert into JCART_PAYMENT (PAYMENTID,BUYERID,NETBILL,PAYMENTTYPE,PURCHASEDATE) values (1581,'Harish_H',8307,'C',to_date('20-JUN-14','DD-MON-RR'));
Insert into JCART_PAYMENT (PAYMENTID,BUYERID,NETBILL,PAYMENTTYPE,PURCHASEDATE) values (1587,'Harish_H',164,'C',to_date('20-JUN-13','DD-MON-RR'));
Insert into JCART_PAYMENT (PAYMENTID,BUYERID,NETBILL,PAYMENTTYPE,PURCHASEDATE) values (1604,'Harish_H',195,'C',to_date('20-JUN-13','DD-MON-RR'));
Insert into JCART_PAYMENT (PAYMENTID,BUYERID,NETBILL,PAYMENTTYPE,PURCHASEDATE) values (1611,'Harish_H',20697,'C',to_date('20-JUN-13','DD-MON-RR'));
Insert into JCART_PAYMENT (PAYMENTID,BUYERID,NETBILL,PAYMENTTYPE,PURCHASEDATE) values (1615,'Harish_H',498,'C',to_date('20-JUN-13','DD-MON-RR'));
Insert into JCART_PAYMENT (PAYMENTID,BUYERID,NETBILL,PAYMENTTYPE,PURCHASEDATE) values (1627,'Harish_H',2250,'C',to_date('20-JUN-13','DD-MON-RR'));
Insert into JCART_PAYMENT (PAYMENTID,BUYERID,NETBILL,PAYMENTTYPE,PURCHASEDATE) values (1626,'Harish_H',183,'C',to_date('20-JUN-14','DD-MON-RR'));
Insert into JCART_PAYMENT (PAYMENTID,BUYERID,NETBILL,PAYMENTTYPE,PURCHASEDATE) values (1636,'Harish_H',20688,'C',to_date('25-JUN-13','DD-MON-RR'));
Insert into JCART_PAYMENT (PAYMENTID,BUYERID,NETBILL,PAYMENTTYPE,PURCHASEDATE) values (2061,'Narayanarao_R',4660,'C',to_date('27-JUN-14','DD-MON-RR'));
Insert into JCART_PAYMENT (PAYMENTID,BUYERID,NETBILL,PAYMENTTYPE,PURCHASEDATE) values (2492,'Manoj_B',1198,'C',to_date('02-JUL-13','DD-MON-RR'));
Insert into JCART_PAYMENT (PAYMENTID,BUYERID,NETBILL,PAYMENTTYPE,PURCHASEDATE) values (2497,'Narayanarao_R',195,'C',to_date('02-JUL-13','DD-MON-RR'));
Insert into JCART_PAYMENT (PAYMENTID,BUYERID,NETBILL,PAYMENTTYPE,PURCHASEDATE) values (2535,'Narayanarao_R',16000,'C',to_date('02-JUL-13','DD-MON-RR'));
Insert into JCART_PAYMENT (PAYMENTID,BUYERID,NETBILL,PAYMENTTYPE,PURCHASEDATE) values (2253,'Narayanarao_R',20700,'C',to_date('28-JUN-14','DD-MON-RR'));
Insert into JCART_PAYMENT (PAYMENTID,BUYERID,NETBILL,PAYMENTTYPE,PURCHASEDATE) values (2257,'Narayanarao_R',194,'C',to_date('28-JUN-13','DD-MON-RR'));
Insert into JCART_PAYMENT (PAYMENTID,BUYERID,NETBILL,PAYMENTTYPE,PURCHASEDATE) values (2367,'Harish_H',20700,'C',to_date('01-JUL-13','DD-MON-RR'));
Insert into JCART_PAYMENT (PAYMENTID,BUYERID,NETBILL,PAYMENTTYPE,PURCHASEDATE) values (1563,'Harish_H',65998,'C',to_date('20-JUN-13','DD-MON-RR'));
Insert into JCART_PAYMENT (PAYMENTID,BUYERID,NETBILL,PAYMENTTYPE,PURCHASEDATE) values (2518,'Narayanarao_R',166,'C',to_date('02-JUL-13','DD-MON-RR'));
Insert into JCART_PAYMENT (PAYMENTID,BUYERID,NETBILL,PAYMENTTYPE,PURCHASEDATE) values (2584,'Narayanarao_R',35198,'C',to_date('03-JUL-13','DD-MON-RR'));
commit;

Insert into JCART_PAYMENTDETAILS (PAYMENTID,PRODUCTID,VARIATIONCODE,NUMOFPRODUCTS,SELLERID) values (2384,10057,'C1002',1,'Sandeep_K');
Insert into JCART_PAYMENTDETAILS (PAYMENTID,PRODUCTID,VARIATIONCODE,NUMOFPRODUCTS,SELLERID) values (2385,10057,'C1002',1,'Sandeep_K');
Insert into JCART_PAYMENTDETAILS (PAYMENTID,PRODUCTID,VARIATIONCODE,NUMOFPRODUCTS,SELLERID) values (2392,10063,'NA',1,'Garima_G');
Insert into JCART_PAYMENTDETAILS (PAYMENTID,PRODUCTID,VARIATIONCODE,NUMOFPRODUCTS,SELLERID) values (2398,10002,'C1001',1,'Sandeep_K');
Insert into JCART_PAYMENTDETAILS (PAYMENTID,PRODUCTID,VARIATIONCODE,NUMOFPRODUCTS,SELLERID) values (2403,10061,'NA',1,'Aditya_P');
Insert into JCART_PAYMENTDETAILS (PAYMENTID,PRODUCTID,VARIATIONCODE,NUMOFPRODUCTS,SELLERID) values (5001,10044,'C1001',1,'Garima_G');
Insert into JCART_PAYMENTDETAILS (PAYMENTID,PRODUCTID,VARIATIONCODE,NUMOFPRODUCTS,SELLERID) values (5002,10048,'C1001',1,'Sandeep_K');
Insert into JCART_PAYMENTDETAILS (PAYMENTID,PRODUCTID,VARIATIONCODE,NUMOFPRODUCTS,SELLERID) values (5002,10044,'C1002',1,'Garima_G');
Insert into JCART_PAYMENTDETAILS (PAYMENTID,PRODUCTID,VARIATIONCODE,NUMOFPRODUCTS,SELLERID) values (5003,10059,'C1001',1,'Aditya_P');
Insert into JCART_PAYMENTDETAILS (PAYMENTID,PRODUCTID,VARIATIONCODE,NUMOFPRODUCTS,SELLERID) values (5004,10049,'C1002',1,'Sandeep_K');
Insert into JCART_PAYMENTDETAILS (PAYMENTID,PRODUCTID,VARIATIONCODE,NUMOFPRODUCTS,SELLERID) values (5004,10050,'C1001',1,'Aditya_P');
Insert into JCART_PAYMENTDETAILS (PAYMENTID,PRODUCTID,VARIATIONCODE,NUMOFPRODUCTS,SELLERID) values (5005,10052,'C1001',1,'Aditya_P');
Insert into JCART_PAYMENTDETAILS (PAYMENTID,PRODUCTID,VARIATIONCODE,NUMOFPRODUCTS,SELLERID) values (5006,10059,'C1001',1,'Aditya_P');
Insert into JCART_PAYMENTDETAILS (PAYMENTID,PRODUCTID,VARIATIONCODE,NUMOFPRODUCTS,SELLERID) values (5006,10060,'C1001',1,'Sandeep_K');
Insert into JCART_PAYMENTDETAILS (PAYMENTID,PRODUCTID,VARIATIONCODE,NUMOFPRODUCTS,SELLERID) values (5006,10061,'NA',1,'Aditya_P');
Insert into JCART_PAYMENTDETAILS (PAYMENTID,PRODUCTID,VARIATIONCODE,NUMOFPRODUCTS,SELLERID) values (5007,10002,'C1001',1,'Sandeep_K');
Insert into JCART_PAYMENTDETAILS (PAYMENTID,PRODUCTID,VARIATIONCODE,NUMOFPRODUCTS,SELLERID) values (5008,10011,'C1001',1,'Aditya_P');
Insert into JCART_PAYMENTDETAILS (PAYMENTID,PRODUCTID,VARIATIONCODE,NUMOFPRODUCTS,SELLERID) values (5009,10064,'NA',1,'Garima_G');
Insert into JCART_PAYMENTDETAILS (PAYMENTID,PRODUCTID,VARIATIONCODE,NUMOFPRODUCTS,SELLERID) values (5009,10065,'NA',1,'Aditya_P');
Insert into JCART_PAYMENTDETAILS (PAYMENTID,PRODUCTID,VARIATIONCODE,NUMOFPRODUCTS,SELLERID) values (5010,10071,'NA',1,'Garima_G');
Insert into JCART_PAYMENTDETAILS (PAYMENTID,PRODUCTID,VARIATIONCODE,NUMOFPRODUCTS,SELLERID) values (5010,10073,'C1001',1,'Sandeep_K');
Insert into JCART_PAYMENTDETAILS (PAYMENTID,PRODUCTID,VARIATIONCODE,NUMOFPRODUCTS,SELLERID) values (5010,10076,'C1001',1,'Aditya_P');
Insert into JCART_PAYMENTDETAILS (PAYMENTID,PRODUCTID,VARIATIONCODE,NUMOFPRODUCTS,SELLERID) values (1581,10004,'C1001',3,'Aditya_P');
Insert into JCART_PAYMENTDETAILS (PAYMENTID,PRODUCTID,VARIATIONCODE,NUMOFPRODUCTS,SELLERID) values (1581,10004,'C1002',3,'Aditya_P');
Insert into JCART_PAYMENTDETAILS (PAYMENTID,PRODUCTID,VARIATIONCODE,NUMOFPRODUCTS,SELLERID) values (1581,10006,'C1002',3,'Sandeep_K');
Insert into JCART_PAYMENTDETAILS (PAYMENTID,PRODUCTID,VARIATIONCODE,NUMOFPRODUCTS,SELLERID) values (1587,10063,'NA',1,'Garima_G');
Insert into JCART_PAYMENTDETAILS (PAYMENTID,PRODUCTID,VARIATIONCODE,NUMOFPRODUCTS,SELLERID) values (1604,10061,'NA',1,'Aditya_P');
Insert into JCART_PAYMENTDETAILS (PAYMENTID,PRODUCTID,VARIATIONCODE,NUMOFPRODUCTS,SELLERID) values (1611,10055,'C1001',1,'Garima_G');
Insert into JCART_PAYMENTDETAILS (PAYMENTID,PRODUCTID,VARIATIONCODE,NUMOFPRODUCTS,SELLERID) values (1615,10070,'NA',1,'Aditya_P');
Insert into JCART_PAYMENTDETAILS (PAYMENTID,PRODUCTID,VARIATIONCODE,NUMOFPRODUCTS,SELLERID) values (1627,10045,'C1001',1,'Garima_G');
Insert into JCART_PAYMENTDETAILS (PAYMENTID,PRODUCTID,VARIATIONCODE,NUMOFPRODUCTS,SELLERID) values (1626,10061,'NA',1,'Aditya_P');
Insert into JCART_PAYMENTDETAILS (PAYMENTID,PRODUCTID,VARIATIONCODE,NUMOFPRODUCTS,SELLERID) values (1636,10055,'C1001',1,'Garima_G');
Insert into JCART_PAYMENTDETAILS (PAYMENTID,PRODUCTID,VARIATIONCODE,NUMOFPRODUCTS,SELLERID) values (2061,10049,'C1001',2,'Sandeep_K');
Insert into JCART_PAYMENTDETAILS (PAYMENTID,PRODUCTID,VARIATIONCODE,NUMOFPRODUCTS,SELLERID) values (2061,10049,'C1002',2,'Sandeep_K');
Insert into JCART_PAYMENTDETAILS (PAYMENTID,PRODUCTID,VARIATIONCODE,NUMOFPRODUCTS,SELLERID) values (2492,10001,'C1003',1,'Sandeep_K');
Insert into JCART_PAYMENTDETAILS (PAYMENTID,PRODUCTID,VARIATIONCODE,NUMOFPRODUCTS,SELLERID) values (2497,10061,'NA',1,'Aditya_P');
Insert into JCART_PAYMENTDETAILS (PAYMENTID,PRODUCTID,VARIATIONCODE,NUMOFPRODUCTS,SELLERID) values (2535,10053,'C1001',1,'Sandeep_K');
Insert into JCART_PAYMENTDETAILS (PAYMENTID,PRODUCTID,VARIATIONCODE,NUMOFPRODUCTS,SELLERID) values (2253,10055,'C1001',1,'Garima_G');
Insert into JCART_PAYMENTDETAILS (PAYMENTID,PRODUCTID,VARIATIONCODE,NUMOFPRODUCTS,SELLERID) values (2257,10061,'NA',1,'Aditya_P');
Insert into JCART_PAYMENTDETAILS (PAYMENTID,PRODUCTID,VARIATIONCODE,NUMOFPRODUCTS,SELLERID) values (2367,10055,'C1001',1,'Garima_G');
Insert into JCART_PAYMENTDETAILS (PAYMENTID,PRODUCTID,VARIATIONCODE,NUMOFPRODUCTS,SELLERID) values (2518,10063,'NA',1,'Garima_G');
Insert into JCART_PAYMENTDETAILS (PAYMENTID,PRODUCTID,VARIATIONCODE,NUMOFPRODUCTS,SELLERID) values (2584,2447,'C1003',1,'Aditya_P');
Insert into JCART_PAYMENTDETAILS (PAYMENTID,PRODUCTID,VARIATIONCODE,NUMOFPRODUCTS,SELLERID) values (2584,2447,'C1004',1,'Aditya_P');
commit;

Insert into JCART_ORDERLOGTABLE (ORDERID,PAYMENTID,USERID,DELIVERYSTATUS,ORDERDATE,SHIPMENTDATE,DELIVERYDATE,NUMOFPRODUCTS) values (2366,2384,'Harish_H','D',to_date('01-JUL-13','DD-MON-RR'),to_date('01-DEC-13','DD-MON-RR'),to_date('01-JAN-14','DD-MON-RR'),1);
Insert into JCART_ORDERLOGTABLE (ORDERID,PAYMENTID,USERID,DELIVERYSTATUS,ORDERDATE,SHIPMENTDATE,DELIVERYDATE,NUMOFPRODUCTS) values (2367,2385,'Harish_H','D',to_date('01-JUL-14','DD-MON-RR'),to_date('01-JUL-14','DD-MON-RR'),to_date('01-JUL-14','DD-MON-RR'),1);
Insert into JCART_ORDERLOGTABLE (ORDERID,PAYMENTID,USERID,DELIVERYSTATUS,ORDERDATE,SHIPMENTDATE,DELIVERYDATE,NUMOFPRODUCTS) values (2374,2392,'Harish_H','P',to_date('01-JUL-13','DD-MON-RR'),null,null,1);
Insert into JCART_ORDERLOGTABLE (ORDERID,PAYMENTID,USERID,DELIVERYSTATUS,ORDERDATE,SHIPMENTDATE,DELIVERYDATE,NUMOFPRODUCTS) values (2380,2398,'Narayanarao_R','P',to_date('01-JUL-13','DD-MON-RR'),null,null,1);
Insert into JCART_ORDERLOGTABLE (ORDERID,PAYMENTID,USERID,DELIVERYSTATUS,ORDERDATE,SHIPMENTDATE,DELIVERYDATE,NUMOFPRODUCTS) values (2385,2403,'Harish_H','P',to_date('01-JUL-13','DD-MON-RR'),null,null,1);
Insert into JCART_ORDERLOGTABLE (ORDERID,PAYMENTID,USERID,DELIVERYSTATUS,ORDERDATE,SHIPMENTDATE,DELIVERYDATE,NUMOFPRODUCTS) values (8001,5001,'Narayanarao_R','D',to_date('12-APR-14','DD-MON-RR'),to_date('12-APR-14','DD-MON-RR'),to_date('13-APR-14','DD-MON-RR'),1);
Insert into JCART_ORDERLOGTABLE (ORDERID,PAYMENTID,USERID,DELIVERYSTATUS,ORDERDATE,SHIPMENTDATE,DELIVERYDATE,NUMOFPRODUCTS) values (8002,5002,'Rashmi_S','D',to_date('09-MAY-13','DD-MON-RR'),to_date('09-MAY-13','DD-MON-RR'),to_date('10-MAY-13','DD-MON-RR'),2);
Insert into JCART_ORDERLOGTABLE (ORDERID,PAYMENTID,USERID,DELIVERYSTATUS,ORDERDATE,SHIPMENTDATE,DELIVERYDATE,NUMOFPRODUCTS) values (8003,5003,'Suresh_M','D',to_date('05-MAY-13','DD-MON-RR'),to_date('06-MAY-13','DD-MON-RR'),to_date('07-MAY-13','DD-MON-RR'),1);
Insert into JCART_ORDERLOGTABLE (ORDERID,PAYMENTID,USERID,DELIVERYSTATUS,ORDERDATE,SHIPMENTDATE,DELIVERYDATE,NUMOFPRODUCTS) values (8004,5004,'Narayanarao_R','D',to_date('30-APR-13','DD-MON-RR'),to_date('30-APR-13','DD-MON-RR'),to_date('01-MAY-13','DD-MON-RR'),2);
Insert into JCART_ORDERLOGTABLE (ORDERID,PAYMENTID,USERID,DELIVERYSTATUS,ORDERDATE,SHIPMENTDATE,DELIVERYDATE,NUMOFPRODUCTS) values (8005,5005,'Manoj_B','D',to_date('21-APR-15','DD-MON-RR'),to_date('21-APR-15','DD-MON-RR'),to_date('23-APR-15','DD-MON-RR'),1);
Insert into JCART_ORDERLOGTABLE (ORDERID,PAYMENTID,USERID,DELIVERYSTATUS,ORDERDATE,SHIPMENTDATE,DELIVERYDATE,NUMOFPRODUCTS) values (8006,5006,'Umesha_S','D',to_date('28-APR-13','DD-MON-RR'),to_date('28-APR-13','DD-MON-RR'),to_date('01-MAY-13','DD-MON-RR'),3);
Insert into JCART_ORDERLOGTABLE (ORDERID,PAYMENTID,USERID,DELIVERYSTATUS,ORDERDATE,SHIPMENTDATE,DELIVERYDATE,NUMOFPRODUCTS) values (8007,5007,'Rishav_S','D',to_date('12-APR-14','DD-MON-RR'),to_date('12-APR-14','DD-MON-RR'),to_date('13-APR-14','DD-MON-RR'),1);
Insert into JCART_ORDERLOGTABLE (ORDERID,PAYMENTID,USERID,DELIVERYSTATUS,ORDERDATE,SHIPMENTDATE,DELIVERYDATE,NUMOFPRODUCTS) values (8008,5008,'Raj_P','D',to_date('09-MAY-13','DD-MON-RR'),to_date('25-JUN-13','DD-MON-RR'),to_date('25-JUN-13','DD-MON-RR'),1);
Insert into JCART_ORDERLOGTABLE (ORDERID,PAYMENTID,USERID,DELIVERYSTATUS,ORDERDATE,SHIPMENTDATE,DELIVERYDATE,NUMOFPRODUCTS) values (8009,5009,'Rachit_G','D',to_date('12-APR-13','DD-MON-RR'),to_date('12-APR-13','DD-MON-RR'),to_date('25-JUN-13','DD-MON-RR'),2);
Insert into JCART_ORDERLOGTABLE (ORDERID,PAYMENTID,USERID,DELIVERYSTATUS,ORDERDATE,SHIPMENTDATE,DELIVERYDATE,NUMOFPRODUCTS) values (8010,5010,'Raj_P','D',to_date('13-APR-13','DD-MON-RR'),to_date('13-APR-13','DD-MON-RR'),to_date('15-APR-13','DD-MON-RR'),3);
Insert into JCART_ORDERLOGTABLE (ORDERID,PAYMENTID,USERID,DELIVERYSTATUS,ORDERDATE,SHIPMENTDATE,DELIVERYDATE,NUMOFPRODUCTS) values (2474,2492,'Manoj_B','P',to_date('02-JUL-13','DD-MON-RR'),null,null,1);
Insert into JCART_ORDERLOGTABLE (ORDERID,PAYMENTID,USERID,DELIVERYSTATUS,ORDERDATE,SHIPMENTDATE,DELIVERYDATE,NUMOFPRODUCTS) values (2479,2497,'Narayanarao_R','P',to_date('02-JUL-14','DD-MON-RR'),null,null,1);
Insert into JCART_ORDERLOGTABLE (ORDERID,PAYMENTID,USERID,DELIVERYSTATUS,ORDERDATE,SHIPMENTDATE,DELIVERYDATE,NUMOFPRODUCTS) values (2517,2535,'Narayanarao_R','P',to_date('02-JUL-13','DD-MON-RR'),null,null,1);
Insert into JCART_ORDERLOGTABLE (ORDERID,PAYMENTID,USERID,DELIVERYSTATUS,ORDERDATE,SHIPMENTDATE,DELIVERYDATE,NUMOFPRODUCTS) values (2349,2367,'Harish_H','D',to_date('01-JUL-14','DD-MON-RR'),to_date('01-JUL-14','DD-MON-RR'),to_date('01-JUL-14','DD-MON-RR'),1);
Insert into JCART_ORDERLOGTABLE (ORDERID,PAYMENTID,USERID,DELIVERYSTATUS,ORDERDATE,SHIPMENTDATE,DELIVERYDATE,NUMOFPRODUCTS) values (2500,2518,'Narayanarao_R','P',to_date('02-JUL-13','DD-MON-RR'),null,null,1);
Insert into JCART_ORDERLOGTABLE (ORDERID,PAYMENTID,USERID,DELIVERYSTATUS,ORDERDATE,SHIPMENTDATE,DELIVERYDATE,NUMOFPRODUCTS) values (2566,2584,'Narayanarao_R','P',to_date('03-JUL-13','DD-MON-RR'),null,null,2);
commit;

Insert into JCART_OVERALLFEEDBACK (FEEDBACKID,FEEDBACKCOMMENT,RATING,USERID) values (1,'Wowwwwww !!! Good application',5,'Garima_G');


commit;


Insert into JCART_PRODUCTBID (PRODUCTID,BASEPRICE,INCREMENTVALUE,BIDSTATUS,BIDSTARTDATE,DURATION,NUMBEROFBIDS,LASTBIDDERID,LASTBUTONEBIDDERID,LASTBUTONEBASEPRICE) values (2500,1000,100,'O',SYSDATE,10,0,null,null,null);
Insert into JCART_PRODUCTBID (PRODUCTID,BASEPRICE,INCREMENTVALUE,BIDSTATUS,BIDSTARTDATE,DURATION,NUMBEROFBIDS,LASTBIDDERID,LASTBUTONEBIDDERID,LASTBUTONEBASEPRICE) values (10029,25700,50,'O',SYSDATE,15,12,'Narayanarao_R','Rachit_G',25600);
Insert into JCART_PRODUCTBID (PRODUCTID,BASEPRICE,INCREMENTVALUE,BIDSTATUS,BIDSTARTDATE,DURATION,NUMBEROFBIDS,LASTBIDDERID,LASTBUTONEBIDDERID,LASTBUTONEBASEPRICE) values (10033,3900,1,'O',SYSDATE,10,6,'Rachit_G','Manoj_B',3800);
Insert into JCART_PRODUCTBID (PRODUCTID,BASEPRICE,INCREMENTVALUE,BIDSTATUS,BIDSTARTDATE,DURATION,NUMBEROFBIDS,LASTBIDDERID,LASTBUTONEBIDDERID,LASTBUTONEBASEPRICE) values (10042,18000,10,'C',SYSDATE,15,10,'Harish_H','Suresh_M',17500);
Insert into JCART_PRODUCTBID (PRODUCTID,BASEPRICE,INCREMENTVALUE,BIDSTATUS,BIDSTARTDATE,DURATION,NUMBEROFBIDS,LASTBIDDERID,LASTBUTONEBIDDERID,LASTBUTONEBASEPRICE) values (10043,550,1,'C',SYSDATE,15,1,'Rachit_G','Raj_P',500);
Insert into JCART_PRODUCTBID (PRODUCTID,BASEPRICE,INCREMENTVALUE,BIDSTATUS,BIDSTARTDATE,DURATION,NUMBEROFBIDS,LASTBIDDERID,LASTBUTONEBIDDERID,LASTBUTONEBASEPRICE) values (10051,16000,500,'C',SYSDATE,15,2,'Umesha_S','Rishav_S',15500);
Insert into JCART_PRODUCTBID (PRODUCTID,BASEPRICE,INCREMENTVALUE,BIDSTATUS,BIDSTARTDATE,DURATION,NUMBEROFBIDS,LASTBIDDERID,LASTBUTONEBIDDERID,LASTBUTONEBASEPRICE) values (10054,32000,1000,'C',SYSDATE,3,2,'Rachit_G','Umesha_S',31000);
Insert into JCART_PRODUCTBID (PRODUCTID,BASEPRICE,INCREMENTVALUE,BIDSTATUS,BIDSTARTDATE,DURATION,NUMBEROFBIDS,LASTBIDDERID,LASTBUTONEBIDDERID,LASTBUTONEBASEPRICE) values (10056,20000,1000,'O',SYSDATE,10,4,'Umesha_S','Rishav_S',19500);
Insert into JCART_PRODUCTBID (PRODUCTID,BASEPRICE,INCREMENTVALUE,BIDSTATUS,BIDSTARTDATE,DURATION,NUMBEROFBIDS,LASTBIDDERID,LASTBUTONEBIDDERID,LASTBUTONEBASEPRICE) values (10058,5000,500,'C',SYSDATE,5,4,'Manoj_B','Rachit_G',4500);
Insert into JCART_PRODUCTBID (PRODUCTID,BASEPRICE,INCREMENTVALUE,BIDSTATUS,BIDSTARTDATE,DURATION,NUMBEROFBIDS,LASTBIDDERID,LASTBUTONEBIDDERID,LASTBUTONEBASEPRICE) values (2235,500,5,'C',SYSDATE,10,0,null,null,null);
commit;

Insert into JCART_PRODUCTRATING (RATINGID,USERID,PRODUCTID,REVIEWCOMMENTS,RATING,DOS,STATUS) values (6001,'Narayanarao_R',10044,'This bag is very light weight and compact.It is very stylish as well',4,to_date('15-APR-15','DD-MON-RR'),'A');
Insert into JCART_PRODUCTRATING (RATINGID,USERID,PRODUCTID,REVIEWCOMMENTS,RATING,DOS,STATUS) values (6002,'Umesha_S',10060,'Delivery is vey fast. I liked the packing.',3,to_date('10-MAY-15','DD-MON-RR'),'A');
Insert into JCART_PRODUCTRATING (RATINGID,USERID,PRODUCTID,REVIEWCOMMENTS,RATING,DOS,STATUS) values (6003,'Raj_P',10011,'The Quality of the product is very good.',5,to_date('10-MAY-14','DD-MON-RR'),'P');
Insert into JCART_PRODUCTRATING (RATINGID,USERID,PRODUCTID,REVIEWCOMMENTS,RATING,DOS,STATUS) values (6004,'Rishav_S',10002,'Very Stylish.',3,to_date('15-APR-15','DD-MON-RR'),'A');
Insert into JCART_PRODUCTRATING (RATINGID,USERID,PRODUCTID,REVIEWCOMMENTS,RATING,DOS,STATUS) values (2483,'Rachit_G',10006,'hi',2,to_date('02-JUL-14','DD-MON-RR'),'P');
Insert into JCART_PRODUCTRATING (RATINGID,USERID,PRODUCTID,REVIEWCOMMENTS,RATING,DOS,STATUS) values (2485,'Rachit_G',10006,'h',4,to_date('02-JUL-14','DD-MON-RR'),'P');
Insert into JCART_PRODUCTRATING (RATINGID,USERID,PRODUCTID,REVIEWCOMMENTS,RATING,DOS,STATUS) values (1326,'Rachit_G',10001,'ok',1,to_date('16-JUN-14','DD-MON-RR'),'P');
Insert into JCART_PRODUCTRATING (RATINGID,USERID,PRODUCTID,REVIEWCOMMENTS,RATING,DOS,STATUS) values (2218,'Rachit_G',2172,'very bad',1,to_date('28-JUN-13','DD-MON-RR'),'P');
Insert into JCART_PRODUCTRATING (RATINGID,USERID,PRODUCTID,REVIEWCOMMENTS,RATING,DOS,STATUS) values (1331,'Rachit_G',10020,'ok',3,to_date('16-JUN-13','DD-MON-RR'),'P');
commit;

Insert into JCART_PRODUCTVARIATIONS (PRODUCTID,VARIATIONCODE,FIT,IMAGEURL,COLOR,STOCK) values (10001,'C1001','S','10001C1001.png','Orange,Blue, White',25);
Insert into JCART_PRODUCTVARIATIONS (PRODUCTID,VARIATIONCODE,FIT,IMAGEURL,COLOR,STOCK) values (10001,'C1002','M','10001C1002.png','Orange,Blue, White',20);
Insert into JCART_PRODUCTVARIATIONS (PRODUCTID,VARIATIONCODE,FIT,IMAGEURL,COLOR,STOCK) values (10001,'C1003','L','10001C1003.png','Orange,Blue, White',5);
Insert into JCART_PRODUCTVARIATIONS (PRODUCTID,VARIATIONCODE,FIT,IMAGEURL,COLOR,STOCK) values (10001,'C1004','XL','10001C1004.png','Orange,Blue, White',6);
Insert into JCART_PRODUCTVARIATIONS (PRODUCTID,VARIATIONCODE,FIT,IMAGEURL,COLOR,STOCK) values (10001,'C1005','S','10001C1005.png','Blue, White',25);
Insert into JCART_PRODUCTVARIATIONS (PRODUCTID,VARIATIONCODE,FIT,IMAGEURL,COLOR,STOCK) values (10001,'C1006','M','10001C1006.png','Blue, White',10);
Insert into JCART_PRODUCTVARIATIONS (PRODUCTID,VARIATIONCODE,FIT,IMAGEURL,COLOR,STOCK) values (10001,'C1007','L','10001C1007.png','Blue, White',5);
Insert into JCART_PRODUCTVARIATIONS (PRODUCTID,VARIATIONCODE,FIT,IMAGEURL,COLOR,STOCK) values (10001,'C1008','XL','10001C1008.png','Blue, White',9);
Insert into JCART_PRODUCTVARIATIONS (PRODUCTID,VARIATIONCODE,FIT,IMAGEURL,COLOR,STOCK) values (10002,'C1001','M','10002C1001.png','Grey',9);
Insert into JCART_PRODUCTVARIATIONS (PRODUCTID,VARIATIONCODE,FIT,IMAGEURL,COLOR,STOCK) values (10002,'C1002','L','10002C1002.png','Grey',8);
Insert into JCART_PRODUCTVARIATIONS (PRODUCTID,VARIATIONCODE,FIT,IMAGEURL,COLOR,STOCK) values (10003,'C1001','32','10003C1001.png','Dark Blue',2);
Insert into JCART_PRODUCTVARIATIONS (PRODUCTID,VARIATIONCODE,FIT,IMAGEURL,COLOR,STOCK) values (10003,'C1002','34','10003C1002.png','Dark Blue',10);
Insert into JCART_PRODUCTVARIATIONS (PRODUCTID,VARIATIONCODE,FIT,IMAGEURL,COLOR,STOCK) values (10004,'C1001','M','10004C1001.png','White',5);
Insert into JCART_PRODUCTVARIATIONS (PRODUCTID,VARIATIONCODE,FIT,IMAGEURL,COLOR,STOCK) values (10004,'C1002','L','10004C1002.png','White',7);
Insert into JCART_PRODUCTVARIATIONS (PRODUCTID,VARIATIONCODE,FIT,IMAGEURL,COLOR,STOCK) values (10005,'C1001','S','10005C1001.png','White',0);
Insert into JCART_PRODUCTVARIATIONS (PRODUCTID,VARIATIONCODE,FIT,IMAGEURL,COLOR,STOCK) values (10005,'C1002','L','10005C1002.png','White',0);
Insert into JCART_PRODUCTVARIATIONS (PRODUCTID,VARIATIONCODE,FIT,IMAGEURL,COLOR,STOCK) values (10005,'C1003','XL','10005C1003.png','White',0);
Insert into JCART_PRODUCTVARIATIONS (PRODUCTID,VARIATIONCODE,FIT,IMAGEURL,COLOR,STOCK) values (10006,'C1001','28','10006C1001.png','Black',4);
Insert into JCART_PRODUCTVARIATIONS (PRODUCTID,VARIATIONCODE,FIT,IMAGEURL,COLOR,STOCK) values (10006,'C1002','30','10006C1002.png','Black',6);
Insert into JCART_PRODUCTVARIATIONS (PRODUCTID,VARIATIONCODE,FIT,IMAGEURL,COLOR,STOCK) values (10006,'C1003','32','10006C1003.png','Black',8);
Insert into JCART_PRODUCTVARIATIONS (PRODUCTID,VARIATIONCODE,FIT,IMAGEURL,COLOR,STOCK) values (10007,'C1001','XXL','10007C1001.png','Blue',2);
Insert into JCART_PRODUCTVARIATIONS (PRODUCTID,VARIATIONCODE,FIT,IMAGEURL,COLOR,STOCK) values (10008,'C1001','L','10008C1001.png','White',5);
Insert into JCART_PRODUCTVARIATIONS (PRODUCTID,VARIATIONCODE,FIT,IMAGEURL,COLOR,STOCK) values (10008,'C1002','XL','10008C1002.png','White',7);
Insert into JCART_PRODUCTVARIATIONS (PRODUCTID,VARIATIONCODE,FIT,IMAGEURL,COLOR,STOCK) values (10008,'C1003','XXL','10008C1003.png','White',12);
Insert into JCART_PRODUCTVARIATIONS (PRODUCTID,VARIATIONCODE,FIT,IMAGEURL,COLOR,STOCK) values (10009,'C1001','28','10009C1001.png','Blue',5);
Insert into JCART_PRODUCTVARIATIONS (PRODUCTID,VARIATIONCODE,FIT,IMAGEURL,COLOR,STOCK) values (10009,'C1002','30','10009C1002.png','Blue',7);
Insert into JCART_PRODUCTVARIATIONS (PRODUCTID,VARIATIONCODE,FIT,IMAGEURL,COLOR,STOCK) values (10009,'C1003','32','10009C1003.png','Blue',8);
Insert into JCART_PRODUCTVARIATIONS (PRODUCTID,VARIATIONCODE,FIT,IMAGEURL,COLOR,STOCK) values (10010,'C1001','30','10010C1001.png','Beige',0);
Insert into JCART_PRODUCTVARIATIONS (PRODUCTID,VARIATIONCODE,FIT,IMAGEURL,COLOR,STOCK) values (10010,'C1002','36','10010C1002.png','Beige',4);
Insert into JCART_PRODUCTVARIATIONS (PRODUCTID,VARIATIONCODE,FIT,IMAGEURL,COLOR,STOCK) values (10011,'C1001','XL','10011C1001.png','Black',5);
Insert into JCART_PRODUCTVARIATIONS (PRODUCTID,VARIATIONCODE,FIT,IMAGEURL,COLOR,STOCK) values (10011,'C1002','S','10011C1002.png','Grey',0);
Insert into JCART_PRODUCTVARIATIONS (PRODUCTID,VARIATIONCODE,FIT,IMAGEURL,COLOR,STOCK) values (10011,'C1003','L','10011C1003.png','Grey',8);
Insert into JCART_PRODUCTVARIATIONS (PRODUCTID,VARIATIONCODE,FIT,IMAGEURL,COLOR,STOCK) values (10011,'C1004','M','10011C1004.png','Grey',3);
Insert into JCART_PRODUCTVARIATIONS (PRODUCTID,VARIATIONCODE,FIT,IMAGEURL,COLOR,STOCK) values (10011,'C1005','XL','10011C1005.png','Grey',0);
Insert into JCART_PRODUCTVARIATIONS (PRODUCTID,VARIATIONCODE,FIT,IMAGEURL,COLOR,STOCK) values (10012,'C1001','XL','10012C1001.png','Brown',7);
Insert into JCART_PRODUCTVARIATIONS (PRODUCTID,VARIATIONCODE,FIT,IMAGEURL,COLOR,STOCK) values (10012,'C1002','L','10012C1002.png','Brown',12);
Insert into JCART_PRODUCTVARIATIONS (PRODUCTID,VARIATIONCODE,FIT,IMAGEURL,COLOR,STOCK) values (10013,'C1001','XL','10013C1001.png','Teal blue and beige',7);
Insert into JCART_PRODUCTVARIATIONS (PRODUCTID,VARIATIONCODE,FIT,IMAGEURL,COLOR,STOCK) values (10014,'C1001','30','10014C1001.png','Black',23);
Insert into JCART_PRODUCTVARIATIONS (PRODUCTID,VARIATIONCODE,FIT,IMAGEURL,COLOR,STOCK) values (10014,'C1002','32','10014C1002.png','Black',12);
Insert into JCART_PRODUCTVARIATIONS (PRODUCTID,VARIATIONCODE,FIT,IMAGEURL,COLOR,STOCK) values (10014,'C1003','38','10014C1003.png','Black',19);
Insert into JCART_PRODUCTVARIATIONS (PRODUCTID,VARIATIONCODE,FIT,IMAGEURL,COLOR,STOCK) values (10015,'C1001','XS','10015C1001.png','Off White and Black',8);
Insert into JCART_PRODUCTVARIATIONS (PRODUCTID,VARIATIONCODE,FIT,IMAGEURL,COLOR,STOCK) values (10015,'C1002','S','10015C1002.png','Off White and Black',3);
Insert into JCART_PRODUCTVARIATIONS (PRODUCTID,VARIATIONCODE,FIT,IMAGEURL,COLOR,STOCK) values (10015,'C1003','L','10015C1003.png','Off White and Black',4);
Insert into JCART_PRODUCTVARIATIONS (PRODUCTID,VARIATIONCODE,FIT,IMAGEURL,COLOR,STOCK) values (10016,'C1001','XL','10016C1001.png','Green',8);
Insert into JCART_PRODUCTVARIATIONS (PRODUCTID,VARIATIONCODE,FIT,IMAGEURL,COLOR,STOCK) values (10016,'C1002','XS','10016C1002.png','Green',3);
Insert into JCART_PRODUCTVARIATIONS (PRODUCTID,VARIATIONCODE,FIT,IMAGEURL,COLOR,STOCK) values (10017,'C1001','26','10017C1001.png','White',2);
Insert into JCART_PRODUCTVARIATIONS (PRODUCTID,VARIATIONCODE,FIT,IMAGEURL,COLOR,STOCK) values (10017,'C1002','28','10017C1002.png','White',12);
Insert into JCART_PRODUCTVARIATIONS (PRODUCTID,VARIATIONCODE,FIT,IMAGEURL,COLOR,STOCK) values (10017,'C1003','32','10017C1003.png','White',19);
Insert into JCART_PRODUCTVARIATIONS (PRODUCTID,VARIATIONCODE,FIT,IMAGEURL,COLOR,STOCK) values (10018,'C1001','S','10018C1001.png','Blue',8);
Insert into JCART_PRODUCTVARIATIONS (PRODUCTID,VARIATIONCODE,FIT,IMAGEURL,COLOR,STOCK) values (10019,'C1001','M','10019C1001.png','Red',3);
Insert into JCART_PRODUCTVARIATIONS (PRODUCTID,VARIATIONCODE,FIT,IMAGEURL,COLOR,STOCK) values (10019,'C1002','L','10019C1002.png','Red',2);
Insert into JCART_PRODUCTVARIATIONS (PRODUCTID,VARIATIONCODE,FIT,IMAGEURL,COLOR,STOCK) values (10020,'C1001','S','10020C1001.png','Black',8);
Insert into JCART_PRODUCTVARIATIONS (PRODUCTID,VARIATIONCODE,FIT,IMAGEURL,COLOR,STOCK) values (10020,'C1002','M','10020C1002.png','Black',3);
Insert into JCART_PRODUCTVARIATIONS (PRODUCTID,VARIATIONCODE,FIT,IMAGEURL,COLOR,STOCK) values (10020,'C1003','L','10020C1003.png','Black',2);
Insert into JCART_PRODUCTVARIATIONS (PRODUCTID,VARIATIONCODE,FIT,IMAGEURL,COLOR,STOCK) values (10021,'C1001','28','10021C1001.png','Beige',6);
Insert into JCART_PRODUCTVARIATIONS (PRODUCTID,VARIATIONCODE,FIT,IMAGEURL,COLOR,STOCK) values (10022,'C1001','32','10022C1001.png','Grey',8);
Insert into JCART_PRODUCTVARIATIONS (PRODUCTID,VARIATIONCODE,FIT,IMAGEURL,COLOR,STOCK) values (10022,'C1002','30','10022C1002.png','Grey',3);
Insert into JCART_PRODUCTVARIATIONS (PRODUCTID,VARIATIONCODE,FIT,IMAGEURL,COLOR,STOCK) values (10023,'C1001','XS','10023C1001.png','Black',2);
Insert into JCART_PRODUCTVARIATIONS (PRODUCTID,VARIATIONCODE,FIT,IMAGEURL,COLOR,STOCK) values (10023,'C1002','S','10023C1002.png','Grey',2);
Insert into JCART_PRODUCTVARIATIONS (PRODUCTID,VARIATIONCODE,FIT,IMAGEURL,COLOR,STOCK) values (10024,'C1001','S','10024C1001.png','Black',8);
Insert into JCART_PRODUCTVARIATIONS (PRODUCTID,VARIATIONCODE,FIT,IMAGEURL,COLOR,STOCK) values (10025,'C1001','S','10025C1001.png','Light blue',4);
Insert into JCART_PRODUCTVARIATIONS (PRODUCTID,VARIATIONCODE,FIT,IMAGEURL,COLOR,STOCK) values (10025,'C1002','M','10025C1002.png','Light blue',2);
Insert into JCART_PRODUCTVARIATIONS (PRODUCTID,VARIATIONCODE,FIT,IMAGEURL,COLOR,STOCK) values (10025,'C1003','XS','10025C1003.png','Light blue',6);
Insert into JCART_PRODUCTVARIATIONS (PRODUCTID,VARIATIONCODE,FIT,IMAGEURL,COLOR,STOCK) values (10026,'C1001','NA','10026C1001.png','Maroon',13);
Insert into JCART_PRODUCTVARIATIONS (PRODUCTID,VARIATIONCODE,FIT,IMAGEURL,COLOR,STOCK) values (10027,'C1001','XS','10027C1001.png','Yellow',12);
Insert into JCART_PRODUCTVARIATIONS (PRODUCTID,VARIATIONCODE,FIT,IMAGEURL,COLOR,STOCK) values (10028,'NA','NA','NA','NA',12);
Insert into JCART_PRODUCTVARIATIONS (PRODUCTID,VARIATIONCODE,FIT,IMAGEURL,COLOR,STOCK) values (10029,'NA','NA','NA','NA',2);
Insert into JCART_PRODUCTVARIATIONS (PRODUCTID,VARIATIONCODE,FIT,IMAGEURL,COLOR,STOCK) values (10030,'NA','NA','NA','NA',7);
Insert into JCART_PRODUCTVARIATIONS (PRODUCTID,VARIATIONCODE,FIT,IMAGEURL,COLOR,STOCK) values (10031,'NA','NA','NA','NA',4);
Insert into JCART_PRODUCTVARIATIONS (PRODUCTID,VARIATIONCODE,FIT,IMAGEURL,COLOR,STOCK) values (10032,'NA','NA','NA','NA',3);
Insert into JCART_PRODUCTVARIATIONS (PRODUCTID,VARIATIONCODE,FIT,IMAGEURL,COLOR,STOCK) values (10033,'NA','NA','NA','NA',5);
Insert into JCART_PRODUCTVARIATIONS (PRODUCTID,VARIATIONCODE,FIT,IMAGEURL,COLOR,STOCK) values (10034,'NA','NA','NA','NA',4);
Insert into JCART_PRODUCTVARIATIONS (PRODUCTID,VARIATIONCODE,FIT,IMAGEURL,COLOR,STOCK) values (10035,'C1001','NA','10035C1001.png','White',2);
Insert into JCART_PRODUCTVARIATIONS (PRODUCTID,VARIATIONCODE,FIT,IMAGEURL,COLOR,STOCK) values (10035,'C1002','NA','10035C1002.png','Black',4);
Insert into JCART_PRODUCTVARIATIONS (PRODUCTID,VARIATIONCODE,FIT,IMAGEURL,COLOR,STOCK) values (10035,'C1003','NA','10035C1003.png','Blue',2);
Insert into JCART_PRODUCTVARIATIONS (PRODUCTID,VARIATIONCODE,FIT,IMAGEURL,COLOR,STOCK) values (10036,'C1001','NA','10036C1001.png','White',6);
Insert into JCART_PRODUCTVARIATIONS (PRODUCTID,VARIATIONCODE,FIT,IMAGEURL,COLOR,STOCK) values (10036,'C1002','NA','10036C1002.png','Black',8);
Insert into JCART_PRODUCTVARIATIONS (PRODUCTID,VARIATIONCODE,FIT,IMAGEURL,COLOR,STOCK) values (10037,'C1001','NA','10037C1001.png','Black',4);
Insert into JCART_PRODUCTVARIATIONS (PRODUCTID,VARIATIONCODE,FIT,IMAGEURL,COLOR,STOCK) values (10038,'C1001','NA','10038C1001.png','Red',1);
Insert into JCART_PRODUCTVARIATIONS (PRODUCTID,VARIATIONCODE,FIT,IMAGEURL,COLOR,STOCK) values (10038,'C1002','NA','10038C1002.png','Black',4);
Insert into JCART_PRODUCTVARIATIONS (PRODUCTID,VARIATIONCODE,FIT,IMAGEURL,COLOR,STOCK) values (10038,'C1003','NA','10038C1003.png','White',6);
Insert into JCART_PRODUCTVARIATIONS (PRODUCTID,VARIATIONCODE,FIT,IMAGEURL,COLOR,STOCK) values (10039,'C1001','NA','10039C1001.png','Black',2);
Insert into JCART_PRODUCTVARIATIONS (PRODUCTID,VARIATIONCODE,FIT,IMAGEURL,COLOR,STOCK) values (10039,'C1002','NA','10039C1002.png','Grey',6);
Insert into JCART_PRODUCTVARIATIONS (PRODUCTID,VARIATIONCODE,FIT,IMAGEURL,COLOR,STOCK) values (10039,'C1003','NA','10039C1003.png','Red',8);
Insert into JCART_PRODUCTVARIATIONS (PRODUCTID,VARIATIONCODE,FIT,IMAGEURL,COLOR,STOCK) values (10039,'C1004','NA','10039C1004.png','Yellow',4);
Insert into JCART_PRODUCTVARIATIONS (PRODUCTID,VARIATIONCODE,FIT,IMAGEURL,COLOR,STOCK) values (10039,'C1005','NA','10039C1005.png','White',1);
Insert into JCART_PRODUCTVARIATIONS (PRODUCTID,VARIATIONCODE,FIT,IMAGEURL,COLOR,STOCK) values (10040,'C1001','NA','10040C1001.png','Black',4);
Insert into JCART_PRODUCTVARIATIONS (PRODUCTID,VARIATIONCODE,FIT,IMAGEURL,COLOR,STOCK) values (10041,'C1001','NA','10041C1001.png','White',6);
Insert into JCART_PRODUCTVARIATIONS (PRODUCTID,VARIATIONCODE,FIT,IMAGEURL,COLOR,STOCK) values (10041,'C1002','NA','10041C1002.png','Black',2);
Insert into JCART_PRODUCTVARIATIONS (PRODUCTID,VARIATIONCODE,FIT,IMAGEURL,COLOR,STOCK) values (10044,'C1001','NA','10044C1001.png','Black',5);
Insert into JCART_PRODUCTVARIATIONS (PRODUCTID,VARIATIONCODE,FIT,IMAGEURL,COLOR,STOCK) values (10044,'C1002','NA','10044C1002.png','Brown',5);
Insert into JCART_PRODUCTVARIATIONS (PRODUCTID,VARIATIONCODE,FIT,IMAGEURL,COLOR,STOCK) values (10045,'C1001','NA','10045C1001.png','Pink',10);
Insert into JCART_PRODUCTVARIATIONS (PRODUCTID,VARIATIONCODE,FIT,IMAGEURL,COLOR,STOCK) values (10046,'C1001','NA','10046C1001.png','Brown',3);
Insert into JCART_PRODUCTVARIATIONS (PRODUCTID,VARIATIONCODE,FIT,IMAGEURL,COLOR,STOCK) values (10046,'C1002','NA','10046C1002.png','Black',5);
Insert into JCART_PRODUCTVARIATIONS (PRODUCTID,VARIATIONCODE,FIT,IMAGEURL,COLOR,STOCK) values (10047,'C1001','NA','10047C1001.png','Cream',3);
Insert into JCART_PRODUCTVARIATIONS (PRODUCTID,VARIATIONCODE,FIT,IMAGEURL,COLOR,STOCK) values (10047,'C1002','NA','10047C1002.png','Brown',10);
Insert into JCART_PRODUCTVARIATIONS (PRODUCTID,VARIATIONCODE,FIT,IMAGEURL,COLOR,STOCK) values (10048,'C1001','NA','10048C1001.png','Grey',10);
Insert into JCART_PRODUCTVARIATIONS (PRODUCTID,VARIATIONCODE,FIT,IMAGEURL,COLOR,STOCK) values (10049,'C1001','NA','10049C1001.png','Black',10);
Insert into JCART_PRODUCTVARIATIONS (PRODUCTID,VARIATIONCODE,FIT,IMAGEURL,COLOR,STOCK) values (10049,'C1002','NA','10049C1002.png','Red',10);
Insert into JCART_PRODUCTVARIATIONS (PRODUCTID,VARIATIONCODE,FIT,IMAGEURL,COLOR,STOCK) values (10050,'C1001','NA','10050C1001.png','Black',65);
Insert into JCART_PRODUCTVARIATIONS (PRODUCTID,VARIATIONCODE,FIT,IMAGEURL,COLOR,STOCK) values (10050,'C1002','NA','10050C1002.png','Silver',10);
Insert into JCART_PRODUCTVARIATIONS (PRODUCTID,VARIATIONCODE,FIT,IMAGEURL,COLOR,STOCK) values (10052,'C1001','NA','10052C1001.png','Black',10);
Insert into JCART_PRODUCTVARIATIONS (PRODUCTID,VARIATIONCODE,FIT,IMAGEURL,COLOR,STOCK) values (10053,'C1001','NA','10053C1001.png','Black',5);
Insert into JCART_PRODUCTVARIATIONS (PRODUCTID,VARIATIONCODE,FIT,IMAGEURL,COLOR,STOCK) values (10053,'C1002','NA','10053C1002.png','White',5);
Insert into JCART_PRODUCTVARIATIONS (PRODUCTID,VARIATIONCODE,FIT,IMAGEURL,COLOR,STOCK) values (10055,'C1001','NA','10055C1001.png','Black',3);
Insert into JCART_PRODUCTVARIATIONS (PRODUCTID,VARIATIONCODE,FIT,IMAGEURL,COLOR,STOCK) values (10057,'C1001','NA','10057C1001.png','Red',4);
Insert into JCART_PRODUCTVARIATIONS (PRODUCTID,VARIATIONCODE,FIT,IMAGEURL,COLOR,STOCK) values (10057,'C1002','NA','10057C1002.png','Black',2);
Insert into JCART_PRODUCTVARIATIONS (PRODUCTID,VARIATIONCODE,FIT,IMAGEURL,COLOR,STOCK) values (10059,'C1001','NA','10059C1001.png','Black',5);
Insert into JCART_PRODUCTVARIATIONS (PRODUCTID,VARIATIONCODE,FIT,IMAGEURL,COLOR,STOCK) values (10060,'C1001','NA','10060C1001.png','Black',5);
Insert into JCART_PRODUCTVARIATIONS (PRODUCTID,VARIATIONCODE,FIT,IMAGEURL,COLOR,STOCK) values (10061,'NA','NA','NA','NA',12);
Insert into JCART_PRODUCTVARIATIONS (PRODUCTID,VARIATIONCODE,FIT,IMAGEURL,COLOR,STOCK) values (10062,'NA','NA','NA','NA',2);
Insert into JCART_PRODUCTVARIATIONS (PRODUCTID,VARIATIONCODE,FIT,IMAGEURL,COLOR,STOCK) values (10063,'NA','NA','NA','NA',7);
Insert into JCART_PRODUCTVARIATIONS (PRODUCTID,VARIATIONCODE,FIT,IMAGEURL,COLOR,STOCK) values (10064,'NA','NA','NA','NA',4);
Insert into JCART_PRODUCTVARIATIONS (PRODUCTID,VARIATIONCODE,FIT,IMAGEURL,COLOR,STOCK) values (10065,'NA','NA','NA','NA',3);
Insert into JCART_PRODUCTVARIATIONS (PRODUCTID,VARIATIONCODE,FIT,IMAGEURL,COLOR,STOCK) values (10066,'NA','NA','NA','NA',5);
Insert into JCART_PRODUCTVARIATIONS (PRODUCTID,VARIATIONCODE,FIT,IMAGEURL,COLOR,STOCK) values (10067,'NA','NA','NA','NA',4);
Insert into JCART_PRODUCTVARIATIONS (PRODUCTID,VARIATIONCODE,FIT,IMAGEURL,COLOR,STOCK) values (10068,'NA','NA','NA','NA',4);
Insert into JCART_PRODUCTVARIATIONS (PRODUCTID,VARIATIONCODE,FIT,IMAGEURL,COLOR,STOCK) values (10069,'NA','NA','NA','NA',3);
Insert into JCART_PRODUCTVARIATIONS (PRODUCTID,VARIATIONCODE,FIT,IMAGEURL,COLOR,STOCK) values (10070,'NA','NA','NA','NA',5);
Insert into JCART_PRODUCTVARIATIONS (PRODUCTID,VARIATIONCODE,FIT,IMAGEURL,COLOR,STOCK) values (10071,'NA','NA','NA','NA',4);
Insert into JCART_PRODUCTVARIATIONS (PRODUCTID,VARIATIONCODE,FIT,IMAGEURL,COLOR,STOCK) values (10072,'C1001','40','10072C1001.png','Brown',5);
Insert into JCART_PRODUCTVARIATIONS (PRODUCTID,VARIATIONCODE,FIT,IMAGEURL,COLOR,STOCK) values (10072,'C1002','41','10072C1002.png','Black',5);
Insert into JCART_PRODUCTVARIATIONS (PRODUCTID,VARIATIONCODE,FIT,IMAGEURL,COLOR,STOCK) values (10072,'C1003','40','10072C1003.png','Black',5);
Insert into JCART_PRODUCTVARIATIONS (PRODUCTID,VARIATIONCODE,FIT,IMAGEURL,COLOR,STOCK) values (10073,'C1001','38','10073C1001.png','White',5);
Insert into JCART_PRODUCTVARIATIONS (PRODUCTID,VARIATIONCODE,FIT,IMAGEURL,COLOR,STOCK) values (10073,'C1002','36','10073C1002.png','Black',5);
Insert into JCART_PRODUCTVARIATIONS (PRODUCTID,VARIATIONCODE,FIT,IMAGEURL,COLOR,STOCK) values (10073,'C1003','36','10073C1003.png','White',5);
Insert into JCART_PRODUCTVARIATIONS (PRODUCTID,VARIATIONCODE,FIT,IMAGEURL,COLOR,STOCK) values (10074,'C1001','43','10074C1001.png','Blue',3);
Insert into JCART_PRODUCTVARIATIONS (PRODUCTID,VARIATIONCODE,FIT,IMAGEURL,COLOR,STOCK) values (10074,'C1002','44','10074C1002.png','Red',6);
Insert into JCART_PRODUCTVARIATIONS (PRODUCTID,VARIATIONCODE,FIT,IMAGEURL,COLOR,STOCK) values (10075,'C1001','38','10075C1001.png','Blue',3);
Insert into JCART_PRODUCTVARIATIONS (PRODUCTID,VARIATIONCODE,FIT,IMAGEURL,COLOR,STOCK) values (10075,'C1002','40','10075C1002.png','Red',6);
Insert into JCART_PRODUCTVARIATIONS (PRODUCTID,VARIATIONCODE,FIT,IMAGEURL,COLOR,STOCK) values (10076,'C1001','38','10076C1001.png','Black',3);
Insert into JCART_PRODUCTVARIATIONS (PRODUCTID,VARIATIONCODE,FIT,IMAGEURL,COLOR,STOCK) values (10076,'C1002','40','10076C1002.png','Brown',6);
Insert into JCART_PRODUCTVARIATIONS (PRODUCTID,VARIATIONCODE,FIT,IMAGEURL,COLOR,STOCK) values (10077,'C1001','38','10077C1001.png','Blue',3);
Insert into JCART_PRODUCTVARIATIONS (PRODUCTID,VARIATIONCODE,FIT,IMAGEURL,COLOR,STOCK) values (10077,'C1002','40','10077C1002.png','Black',6);
Insert into JCART_PRODUCTVARIATIONS (PRODUCTID,VARIATIONCODE,FIT,IMAGEURL,COLOR,STOCK) values (10078,'C1001','44','10078C1001.png','White',4);
Insert into JCART_PRODUCTVARIATIONS (PRODUCTID,VARIATIONCODE,FIT,IMAGEURL,COLOR,STOCK) values (10078,'C1002','44','10078C1002.png','Blue',3);
Insert into JCART_PRODUCTVARIATIONS (PRODUCTID,VARIATIONCODE,FIT,IMAGEURL,COLOR,STOCK) values (10079,'C1001','38','10079C1001.png','Yellow',5);
Insert into JCART_PRODUCTVARIATIONS (PRODUCTID,VARIATIONCODE,FIT,IMAGEURL,COLOR,STOCK) values (10079,'C1002','38','10079C1002.png','Red',5);
Insert into JCART_PRODUCTVARIATIONS (PRODUCTID,VARIATIONCODE,FIT,IMAGEURL,COLOR,STOCK) values (10080,'C1001','36','10080C1001.png','Cream',6);
Insert into JCART_PRODUCTVARIATIONS (PRODUCTID,VARIATIONCODE,FIT,IMAGEURL,COLOR,STOCK) values (1757,'C1009','X','1757C1009.jpg','Blue',25);
Insert into JCART_PRODUCTVARIATIONS (PRODUCTID,VARIATIONCODE,FIT,IMAGEURL,COLOR,STOCK) values (10005,'C1010','XXL','10005C1010.png','Blue',0);
Insert into JCART_PRODUCTVARIATIONS (PRODUCTID,VARIATIONCODE,FIT,IMAGEURL,COLOR,STOCK) values (10069,'C1010','XXL','10069C1010.png','Blue',52);
Insert into JCART_PRODUCTVARIATIONS (PRODUCTID,VARIATIONCODE,FIT,IMAGEURL,COLOR,STOCK) values (10010,'C1010','XL','10010C1010.png','Blue',28);
Insert into JCART_PRODUCTVARIATIONS (PRODUCTID,VARIATIONCODE,FIT,IMAGEURL,COLOR,STOCK) values (10069,'C1011','NA','10069C1011.png','NA',26);
Insert into JCART_PRODUCTVARIATIONS (PRODUCTID,VARIATIONCODE,FIT,IMAGEURL,COLOR,STOCK) values (10069,'C1012','NA','10069C1012.png','NA',95);
Insert into JCART_PRODUCTVARIATIONS (PRODUCTID,VARIATIONCODE,FIT,IMAGEURL,COLOR,STOCK) values (10036,'C1003','NA','10036C1003.png','Yellow',15);
Insert into JCART_PRODUCTVARIATIONS (PRODUCTID,VARIATIONCODE,FIT,IMAGEURL,COLOR,STOCK) values (10036,'C1004','NA','10036C1004.png','Gray',15);
Insert into JCART_PRODUCTVARIATIONS (PRODUCTID,VARIATIONCODE,FIT,IMAGEURL,COLOR,STOCK) values (10036,'C1005','NA','10036C1005.png','Blue',10);
Insert into JCART_PRODUCTVARIATIONS (PRODUCTID,VARIATIONCODE,FIT,IMAGEURL,COLOR,STOCK) values (10040,'C1002','NA','10040C1002.jpg','Aqua',15);
Insert into JCART_PRODUCTVARIATIONS (PRODUCTID,VARIATIONCODE,FIT,IMAGEURL,COLOR,STOCK) values (10011,'C1006','XXL','10011C1006.jpg','Blue',15);
Insert into JCART_PRODUCTVARIATIONS (PRODUCTID,VARIATIONCODE,FIT,IMAGEURL,COLOR,STOCK) values (10011,'C1007','XXL','10011C1007.jpg','Blue',45);
Insert into JCART_PRODUCTVARIATIONS (PRODUCTID,VARIATIONCODE,FIT,IMAGEURL,COLOR,STOCK) values (10011,'C1008','XL','10011C1009.png','Red',12);
Insert into JCART_PRODUCTVARIATIONS (PRODUCTID,VARIATIONCODE,FIT,IMAGEURL,COLOR,STOCK) values (10009,'C1004','XXL','10009C1004.jpg','Blue',24);
Insert into JCART_PRODUCTVARIATIONS (PRODUCTID,VARIATIONCODE,FIT,IMAGEURL,COLOR,STOCK) values (10015,'C1004','XL','10015C1004.jpg','Blue',24);
Insert into JCART_PRODUCTVARIATIONS (PRODUCTID,VARIATIONCODE,FIT,IMAGEURL,COLOR,STOCK) values (10015,'C1005','XXL','10015C1005.jpg','Red',15);
Insert into JCART_PRODUCTVARIATIONS (PRODUCTID,VARIATIONCODE,FIT,IMAGEURL,COLOR,STOCK) values (2144,'C1001','NA','2144C1001.jpg','Blue',20);
Insert into JCART_PRODUCTVARIATIONS (PRODUCTID,VARIATIONCODE,FIT,IMAGEURL,COLOR,STOCK) values (2447,'C1002','NA','2447C1002.jpg','Blue',0);
Insert into JCART_PRODUCTVARIATIONS (PRODUCTID,VARIATIONCODE,FIT,IMAGEURL,COLOR,STOCK) values (2447,'C1003','NA','2447C1003.png','Black',10);
Insert into JCART_PRODUCTVARIATIONS (PRODUCTID,VARIATIONCODE,FIT,IMAGEURL,COLOR,STOCK) values (2447,'C1004','NA','2447C1004.png','Yellow',23);
Insert into JCART_PRODUCTVARIATIONS (PRODUCTID,VARIATIONCODE,FIT,IMAGEURL,COLOR,STOCK) values (2447,'C1005','NA','2447C1005.png','Green',58);
Insert into JCART_PRODUCTVARIATIONS (PRODUCTID,VARIATIONCODE,FIT,IMAGEURL,COLOR,STOCK) values (2447,'C1006','NA','2447C1006.png','Brown',12);
Insert into JCART_PRODUCTVARIATIONS (PRODUCTID,VARIATIONCODE,FIT,IMAGEURL,COLOR,STOCK) values (2447,'C1001','NA','2447C1001.png','Mohpreet',8);
Insert into JCART_PRODUCTVARIATIONS (PRODUCTID,VARIATIONCODE,FIT,IMAGEURL,COLOR,STOCK) values (2507,'C1002','NA','2507C1002.png','Black',25);
Insert into JCART_PRODUCTVARIATIONS (PRODUCTID,VARIATIONCODE,FIT,IMAGEURL,COLOR,STOCK) values (10077,'C1003','10','10077C1003.png','Blue',15);
Insert into JCART_PRODUCTVARIATIONS (PRODUCTID,VARIATIONCODE,FIT,IMAGEURL,COLOR,STOCK) values (2507,'C1001','NA','2507C1001.png','lhalSF',12);
Insert into JCART_PRODUCTVARIATIONS (PRODUCTID,VARIATIONCODE,FIT,IMAGEURL,COLOR,STOCK) values (10009,'C1005','XXL','10009C1005.jpg','Gray',5);
Insert into JCART_PRODUCTVARIATIONS (PRODUCTID,VARIATIONCODE,FIT,IMAGEURL,COLOR,STOCK) values (2144,'C1002','NA','2144C1002.jpg','Blue',28);
commit;

Insert into JCART_RETAILERRATING (RATINGID,RETAILERID,USERID,REVIEWCOMMENTS,RATING,DOS,STATUS) values (7001,'Garima_G','Narayanarao_R','It would be better if more discount is given',3,to_date('15-APR-15','DD-MON-RR'),'A');
Insert into JCART_RETAILERRATING (RATINGID,RETAILERID,USERID,REVIEWCOMMENTS,RATING,DOS,STATUS) values (7002,'Aditya_P','Umesha_S','Quality must be improved',2,to_date('10-MAY-15','DD-MON-RR'),'A');
Insert into JCART_RETAILERRATING (RATINGID,RETAILERID,USERID,REVIEWCOMMENTS,RATING,DOS,STATUS) values (7003,'Aditya_P','Raj_P','Good Service',4,to_date('10-MAY-14','DD-MON-RR'),'P');
Insert into JCART_RETAILERRATING (RATINGID,RETAILERID,USERID,REVIEWCOMMENTS,RATING,DOS,STATUS) values (2484,'Swati_K','Narayanarao_R','hi',2,to_date('02-JUL-14','DD-MON-RR'),'P');
Insert into JCART_RETAILERRATING (RATINGID,RETAILERID,USERID,REVIEWCOMMENTS,RATING,DOS,STATUS) values (2485,'Sandeep_K','Narayanarao_R','hi',5,to_date('02-JUL-14','DD-MON-RR'),'P');
Insert into JCART_RETAILERRATING (RATINGID,RETAILERID,USERID,REVIEWCOMMENTS,RATING,DOS,STATUS) values (1328,'Narayanarao_R','Rachit_G','ok',4,to_date('16-JUN-14','DD-MON-RR'),'P');
Insert into JCART_RETAILERRATING (RATINGID,RETAILERID,USERID,REVIEWCOMMENTS,RATING,DOS,STATUS) values (1339,'Swati_K','Rachit_G','good',4,to_date('16-JUN-14','DD-MON-RR'),'P');
Insert into JCART_RETAILERRATING (RATINGID,RETAILERID,USERID,REVIEWCOMMENTS,RATING,DOS,STATUS) values (2219,'Dinesh_R','Narayanarao_R','good',4,to_date('28-JUN-14','DD-MON-RR'),'P');
Insert into JCART_RETAILERRATING (RATINGID,RETAILERID,USERID,REVIEWCOMMENTS,RATING,DOS,STATUS) values (1330,'Sandeep_K','Rachit_G','ok',2,to_date('16-JUN-13','DD-MON-RR'),'P');
commit;



Insert into JCART_USERPOINTS (USERID,DISCOUNTPOINTS) values ('Harish_H',875);
Insert into JCART_USERPOINTS (USERID,DISCOUNTPOINTS) values ('Swati_K',15);
Insert into JCART_USERPOINTS (USERID,DISCOUNTPOINTS) values ('Rashmi_S',12);
Insert into JCART_USERPOINTS (USERID,DISCOUNTPOINTS) values ('Suresh_M',10);
Insert into JCART_USERPOINTS (USERID,DISCOUNTPOINTS) values ('Narayanarao_R',980);
Insert into JCART_USERPOINTS (USERID,DISCOUNTPOINTS) values ('Manoj_B',0);
Insert into JCART_USERPOINTS (USERID,DISCOUNTPOINTS) values ('Umesha_S',4);
Insert into JCART_USERPOINTS (USERID,DISCOUNTPOINTS) values ('Rishav_S',8);
Insert into JCART_USERPOINTS (USERID,DISCOUNTPOINTS) values ('Raj_P',17);
Insert into JCART_USERPOINTS (USERID,DISCOUNTPOINTS) values ('Rachit_G',25);


Insert into JCART_USERPRODUCTREQUEST (REQUESTID,SUBCATEGORY,DESCRIPTION,USERID,STATUS,REQUESTDATE) values (1001,203,'Need a Borosil burette for lab with capacity 500ml, cost expected 2000 ruppess or less','Swati_K','P',to_date('13-MAY-15','DD-MON-RR'));
Insert into JCART_USERPRODUCTREQUEST (REQUESTID,SUBCATEGORY,DESCRIPTION,USERID,STATUS,REQUESTDATE) values (1002,208,'Need an oven that grills and cooks both with less watage , expected cost 2500','Rashmi_S','P',to_date('01-JAN-15','DD-MON-RR'));
Insert into JCART_USERPRODUCTREQUEST (REQUESTID,SUBCATEGORY,DESCRIPTION,USERID,STATUS,REQUESTDATE) values (1003,null,'I require a music player that supports variety of discs formats expected cost 4000','Suresh_M','A',to_date('21-FEB-15','DD-MON-RR'));
Insert into JCART_USERPRODUCTREQUEST (REQUESTID,SUBCATEGORY,DESCRIPTION,USERID,STATUS,REQUESTDATE) values (1004,null,'Needed a base ball kit expected cost is :4000','Narayanarao_R','R',to_date('03-MAR-14','DD-MON-RR'));
Insert into JCART_USERPRODUCTREQUEST (REQUESTID,SUBCATEGORY,DESCRIPTION,USERID,STATUS,REQUESTDATE) values (1005,null,'Required crockery and utensils','Manoj_B','A',to_date('19-JAN-14','DD-MON-RR'));
Insert into JCART_USERPRODUCTREQUEST (REQUESTID,SUBCATEGORY,DESCRIPTION,USERID,STATUS,REQUESTDATE) values (1008,232,'I require shoes that can be used for rockclimbing and are water proof','Raj_P','A',to_date('21-JAN-14','DD-MON-RR'));
Insert into JCART_USERPRODUCTREQUEST (REQUESTID,SUBCATEGORY,DESCRIPTION,USERID,STATUS,REQUESTDATE) values (1009,206,'I need a machine for the exercise of abodominal muscles','Rachit_G','P',to_date('15-MAR-15','DD-MON-RR'));
Insert into JCART_USERPRODUCTREQUEST (REQUESTID,SUBCATEGORY,DESCRIPTION,USERID,STATUS,REQUESTDATE) values (2203,212,'Trial Laptop1..','Narayanarao_R','P',to_date('28-JUN-13','DD-MON-RR'));
Insert into JCART_USERPRODUCTREQUEST (REQUESTID,SUBCATEGORY,DESCRIPTION,USERID,STATUS,REQUESTDATE) values (2204,212,'Trial Laptop2..','Narayanarao_R','P',to_date('28-JUN-13','DD-MON-RR'));
Insert into JCART_USERPRODUCTREQUEST (REQUESTID,SUBCATEGORY,DESCRIPTION,USERID,STATUS,REQUESTDATE) values (2485,231,'Trial Laptop3..','Narayanarao_R','P',to_date('02-JUL-14','DD-MON-RR'));
Insert into JCART_USERPRODUCTREQUEST (REQUESTID,SUBCATEGORY,DESCRIPTION,USERID,STATUS,REQUESTDATE) values (1311,211,'i need latest game books1','Rachit_G','P',to_date('15-JUN-13','DD-MON-RR'));
Insert into JCART_USERPRODUCTREQUEST (REQUESTID,SUBCATEGORY,DESCRIPTION,USERID,STATUS,REQUESTDATE) values (1312,211,'i need latest game books2','Rachit_G','P',to_date('15-JUN-13','DD-MON-RR'));
Insert into JCART_USERPRODUCTREQUEST (REQUESTID,SUBCATEGORY,DESCRIPTION,USERID,STATUS,REQUESTDATE) values (1313,211,'i need latest game books3','Rachit_G','P',to_date('15-JUN-14','DD-MON-RR'));


Insert into JCART_USERWISHLIST (USERID,PRODUCTID) values ('Rashmi_S',10002);
Insert into JCART_USERWISHLIST (USERID,PRODUCTID) values ('Rashmi_S',10011);
Insert into JCART_USERWISHLIST (USERID,PRODUCTID) values ('Rashmi_S',10020);
Insert into JCART_USERWISHLIST (USERID,PRODUCTID) values ('Rashmi_S',10031);
Insert into JCART_USERWISHLIST (USERID,PRODUCTID) values ('Umesha_S',10006);
Insert into JCART_USERWISHLIST (USERID,PRODUCTID) values ('Umesha_S',10015);
Insert into JCART_USERWISHLIST (USERID,PRODUCTID) values ('Umesha_S',10024);
Insert into JCART_USERWISHLIST (USERID,PRODUCTID) values ('Umesha_S',10036);
Insert into JCART_USERWISHLIST (USERID,PRODUCTID) values ('Manoj_B',10005);
Insert into JCART_USERWISHLIST (USERID,PRODUCTID) values ('Manoj_B',10014);
Insert into JCART_USERWISHLIST (USERID,PRODUCTID) values ('Manoj_B',10023);
Insert into JCART_USERWISHLIST (USERID,PRODUCTID) values ('Manoj_B',10035);
Insert into JCART_USERWISHLIST (USERID,PRODUCTID) values ('Rishav_S',10007);
Insert into JCART_USERWISHLIST (USERID,PRODUCTID) values ('Rishav_S',10016);
Insert into JCART_USERWISHLIST (USERID,PRODUCTID) values ('Rishav_S',10025);
Insert into JCART_USERWISHLIST (USERID,PRODUCTID) values ('Rishav_S',10037);
Insert into JCART_USERWISHLIST (USERID,PRODUCTID) values ('Suresh_M',10003);
Insert into JCART_USERWISHLIST (USERID,PRODUCTID) values ('Suresh_M',10012);
Insert into JCART_USERWISHLIST (USERID,PRODUCTID) values ('Suresh_M',10021);
Insert into JCART_USERWISHLIST (USERID,PRODUCTID) values ('Suresh_M',10032);
Insert into JCART_USERWISHLIST (USERID,PRODUCTID) values ('Swati_K',10001);
Insert into JCART_USERWISHLIST (USERID,PRODUCTID) values ('Swati_K',10010);
Insert into JCART_USERWISHLIST (USERID,PRODUCTID) values ('Swati_K',10019);
Insert into JCART_USERWISHLIST (USERID,PRODUCTID) values ('Swati_K',10028);
Insert into JCART_USERWISHLIST (USERID,PRODUCTID) values ('Raj_P',10008);
Insert into JCART_USERWISHLIST (USERID,PRODUCTID) values ('Raj_P',10017);
Insert into JCART_USERWISHLIST (USERID,PRODUCTID) values ('Raj_P',10026);
Insert into JCART_USERWISHLIST (USERID,PRODUCTID) values ('Raj_P',10038);
Insert into JCART_USERWISHLIST (USERID,PRODUCTID) values ('Narayanarao_R',10004);
Insert into JCART_USERWISHLIST (USERID,PRODUCTID) values ('Narayanarao_R',10013);
Insert into JCART_USERWISHLIST (USERID,PRODUCTID) values ('Narayanarao_R',10022);
Insert into JCART_USERWISHLIST (USERID,PRODUCTID) values ('Narayanarao_R',10034);
Insert into JCART_USERWISHLIST (USERID,PRODUCTID) values ('Rachit_G',10009);
Insert into JCART_USERWISHLIST (USERID,PRODUCTID) values ('Rachit_G',10018);
Insert into JCART_USERWISHLIST (USERID,PRODUCTID) values ('Rachit_G',10027);
Insert into JCART_USERWISHLIST (USERID,PRODUCTID) values ('Rachit_G',10039);
Insert into JCART_USERWISHLIST (USERID,PRODUCTID) values ('Rachit_G',10040);
insert into JCART_USERWISHLIST (USERID,PRODUCTID) values('Harish_H',10001);
insert into JCART_USERWISHLIST (USERID,PRODUCTID) values('Harish_H',10002);
insert into JCART_USERWISHLIST (USERID,PRODUCTID) values('Harish_H',10003);
commit;


Insert into JCART_TELEVISION (PRODUCTID,COMPANY,PRODUCTNAME,PIXELRESOLUTION,SCREENSIZE,HDREADY,DESCRIPTION,DIMENSION,POWERCONSUMPTION,SPEAKEROUTPUT,SPEAKERTYPE,url) values (10028,'LG','LG 42LS5700','1920 x 1080',42,'Y','Full HD Support, Internet Support,4 HDMI Ports (Side),Advanced IPS LED LCD Panel','979 x 593',88,20,'Dolby Digital Decoder with Virtual Surround','../page-resources/images/television_default.png');
Insert into JCART_TELEVISION (PRODUCTID,COMPANY,PRODUCTNAME,PIXELRESOLUTION,SCREENSIZE,HDREADY,DESCRIPTION,DIMENSION,POWERCONSUMPTION,SPEAKEROUTPUT,SPEAKERTYPE,url) values (10029,'LG','LG 42CS470','1920 x 1080',42,'Y','1 HDMI PortIPS Advanced LCD Panel','1017 x 695',121,10,'Clear Voice II, Dolby Digital Decoder','../page-resources/images/television_default.png');
Insert into JCART_TELEVISION (PRODUCTID,COMPANY,PRODUCTNAME,PIXELRESOLUTION,SCREENSIZE,HDREADY,DESCRIPTION,DIMENSION,POWERCONSUMPTION,SPEAKEROUTPUT,SPEAKERTYPE,url) values (10030,'Samsung','CZ21K44','NA',21,'N','Contrast enhancer, detail enhancer','710 x 570 ',244,10,'Turbo','../page-resources/images/television_default.png');
Insert into JCART_TELEVISION (PRODUCTID,COMPANY,PRODUCTNAME,PIXELRESOLUTION,SCREENSIZE,HDREADY,DESCRIPTION,DIMENSION,POWERCONSUMPTION,SPEAKEROUTPUT,SPEAKERTYPE,url) values (10031,'Samsung','Smart 3D Plasma Full HDTV','1920 x 1080',64,'Y','Smart Interaction, Smart hub, Smart evolution, real black pro, Screen mirroring, Full HD 3D,Quad Core','1,482.6 x 880.7',150,20,'Dolby Digital Plus / Pulse','../page-resources/images/television_default.png');
Insert into JCART_TELEVISION (PRODUCTID,COMPANY,PRODUCTNAME,PIXELRESOLUTION,SCREENSIZE,HDREADY,DESCRIPTION,DIMENSION,POWERCONSUMPTION,SPEAKEROUTPUT,SPEAKERTYPE,url) values (10032,'Samsung','HT-E6750W','NA',0,'Y','Hi fi sound quality, enhanced clarity and design','921.0 x 517.0',110,20,'Dolby Pro Logic II','../page-resources/images/television_default.png');
Insert into JCART_TELEVISION (PRODUCTID,COMPANY,PRODUCTNAME,PIXELRESOLUTION,SCREENSIZE,HDREADY,DESCRIPTION,DIMENSION,POWERCONSUMPTION,SPEAKEROUTPUT,SPEAKERTYPE,url) values (10033,'Samsung','CZ21K44','1920 x 1080',42,'Y','1 HDMI PortIPS Advanced LCD Panel','1017 x 695',200,20,'Clear Voice II, Dolby Digital Decoder','../page-resources/images/television_default.png');
Insert into JCART_TELEVISION (PRODUCTID,COMPANY,PRODUCTNAME,PIXELRESOLUTION,SCREENSIZE,HDREADY,DESCRIPTION,DIMENSION,POWERCONSUMPTION,SPEAKEROUTPUT,SPEAKERTYPE,url) values (10034,'Samsung','Slim LED Full HDTV','1920 x 1080',40,'Y',' Motion Control Ready Smart Hub, Screen Mirroring, Wide Colour Enhancer Dual Core, Full HD','928.2 x 612.2',210,10,'Dolby Digital Plus/Dolby Pulse','../page-resources/images/television_default.png');
commit;
update JCART_BAGS SET URL='../page-resources/images/bags_default.png';
update JCART_mobile set url='../page-resources/images/mobile_default.png';
update JCART_FOOTWEAR set url='../page-resources/images/male_footwear_default.png' where idealfor='M';
update JCART_FOOTWEAR set url='../page-resources/images/female_footwear_default.png' where idealfor='F';
update JCART_COMPUTERS  set url='../page-resources/images/computer_default.png';
update jcart_clothing set url='../page-resources/images/clothing_default.png';
update JCART_CAMERA set url='../page-resources/images/camera_default.png'; 
update JCART_BOOKS SET URL='../page-resources/images/book_default.png';
commit;